sample_id,layer,spearman,overlap_at_k,n_img,k_overlap
chartqa_train_0001,0,0.5704295072641525,0.5370370370370371,1620,324
chartqa_train_0001,1,0.6058640742877506,0.5462962962962963,1620,324
chartqa_train_0001,2,0.6486683762455778,0.5493827160493827,1620,324
chartqa_train_0001,3,0.47651615021926,0.4691358024691358,1620,324
chartqa_train_0001,4,0.6352996847614988,0.5524691358024691,1620,324
chartqa_train_0001,5,0.7675463747649451,0.6666666666666666,1620,324
chartqa_train_0001,6,0.6664027237598479,0.6172839506172839,1620,324
chartqa_train_0001,7,0.7028893548643855,0.6172839506172839,1620,324
chartqa_train_0001,8,0.4554645576245944,0.4228395061728395,1620,324
chartqa_train_0001,9,0.6797240755822467,0.5339506172839507,1620,324
chartqa_train_0001,10,0.548948721455847,0.5,1620,324
chartqa_train_0001,11,0.41456864794152887,0.37037037037037035,1620,324
chartqa_train_0001,12,0.4876515999688777,0.46296296296296297,1620,324
chartqa_train_0001,13,0.23621808201421832,0.26851851851851855,1620,324
chartqa_train_0001,14,0.3002655357016988,0.32407407407407407,1620,324
chartqa_train_0001,15,0.32455448590552716,0.3117283950617284,1620,324
chartqa_train_0001,16,0.26628130946501005,0.3148148148148148,1620,324
chartqa_train_0001,17,0.31489157484075264,0.35185185185185186,1620,324
chartqa_train_0001,18,0.4794534788989398,0.42901234567901236,1620,324
chartqa_train_0001,19,0.45854665140884854,0.36419753086419754,1620,324
chartqa_train_0001,20,0.6389611910506802,0.5370370370370371,1620,324
chartqa_train_0001,21,0.5299803258553704,0.4845679012345679,1620,324
chartqa_train_0001,22,0.6875497658557449,0.5895061728395061,1620,324
chartqa_train_0001,23,0.5849335679260188,0.4876543209876543,1620,324
chartqa_train_0001,24,0.6378308411786404,0.5679012345679012,1620,324
chartqa_train_0001,25,0.6230695272758058,0.4876543209876543,1620,324
chartqa_train_0001,26,0.7315896719124626,0.6203703703703703,1620,324
chartqa_train_0001,27,0.399570137849928,0.42592592592592593,1620,324
chartqa_train_0002,0,0.5522137541987884,0.5052631578947369,1429,285
chartqa_train_0002,1,0.5317464092781259,0.49473684210526314,1429,285
chartqa_train_0002,2,0.6718728111634823,0.5543859649122806,1429,285
chartqa_train_0002,3,0.6057956853307416,0.5403508771929825,1429,285
chartqa_train_0002,4,0.7092089054809366,0.5894736842105263,1429,285
chartqa_train_0002,5,0.7964738720621641,0.6701754385964912,1429,285
chartqa_train_0002,6,0.6454230647355412,0.5649122807017544,1429,285
chartqa_train_0002,7,0.7271965188651537,0.6456140350877193,1429,285
chartqa_train_0002,8,0.6387763534397362,0.5052631578947369,1429,285
chartqa_train_0002,9,0.703052282990706,0.6175438596491228,1429,285
chartqa_train_0002,10,0.48812343256827967,0.4280701754385965,1429,285
chartqa_train_0002,11,0.5767750707074842,0.519298245614035,1429,285
chartqa_train_0002,12,0.5807646693933788,0.45263157894736844,1429,285
chartqa_train_0002,13,0.4084927497198492,0.35789473684210527,1429,285
chartqa_train_0002,14,0.3466073157509344,0.3087719298245614,1429,285
chartqa_train_0002,15,0.5623311741149585,0.43157894736842106,1429,285
chartqa_train_0002,16,0.40369512392497214,0.25263157894736843,1429,285
chartqa_train_0002,17,0.46612442405380194,0.3684210526315789,1429,285
chartqa_train_0002,18,0.40211008724364716,0.3263157894736842,1429,285
chartqa_train_0002,19,0.3843873556451207,0.3017543859649123,1429,285
chartqa_train_0002,20,0.5203345578164134,0.41403508771929826,1429,285
chartqa_train_0002,21,0.5201271214908855,0.39649122807017545,1429,285
chartqa_train_0002,22,0.41849261153063333,0.37543859649122807,1429,285
chartqa_train_0002,23,0.4308227416386564,0.3368421052631579,1429,285
chartqa_train_0002,24,0.5846927005812087,0.4982456140350877,1429,285
chartqa_train_0002,25,0.5603427891170722,0.41754385964912283,1429,285
chartqa_train_0002,26,0.6560379783620979,0.5263157894736842,1429,285
chartqa_train_0002,27,,0.21052631578947367,1429,285
chartqa_train_0003,0,0.5503246573333853,0.5263157894736842,1429,285
chartqa_train_0003,1,0.5387393715218397,0.5087719298245614,1429,285
chartqa_train_0003,2,0.6655366851924582,0.5473684210526316,1429,285
chartqa_train_0003,3,0.6260073182568648,0.5298245614035088,1429,285
chartqa_train_0003,4,0.705209979808577,0.6140350877192983,1429,285
chartqa_train_0003,5,0.8037446252769261,0.6736842105263158,1429,285
chartqa_train_0003,6,0.7033938975043191,0.5929824561403508,1429,285
chartqa_train_0003,7,0.7193444404784035,0.5824561403508772,1429,285
chartqa_train_0003,8,0.558837453026678,0.43157894736842106,1429,285
chartqa_train_0003,9,0.7363162527259804,0.5578947368421052,1429,285
chartqa_train_0003,10,0.5875623087436556,0.48771929824561405,1429,285
chartqa_train_0003,11,0.5767831256034578,0.4982456140350877,1429,285
chartqa_train_0003,12,0.6812418363378414,0.5052631578947369,1429,285
chartqa_train_0003,13,0.49929731886598816,0.34035087719298246,1429,285
chartqa_train_0003,14,0.5742058651657163,0.4982456140350877,1429,285
chartqa_train_0003,15,0.5498107647755607,0.4421052631578947,1429,285
chartqa_train_0003,16,0.5858679749693,0.4280701754385965,1429,285
chartqa_train_0003,17,0.6188899295567939,0.45263157894736844,1429,285
chartqa_train_0003,18,0.5838881144735809,0.44912280701754387,1429,285
chartqa_train_0003,19,0.5894700396514791,0.43508771929824563,1429,285
chartqa_train_0003,20,0.5978001305848786,0.45263157894736844,1429,285
chartqa_train_0003,21,0.6116859854907162,0.49473684210526314,1429,285
chartqa_train_0003,22,0.6265767627795342,0.5473684210526316,1429,285
chartqa_train_0003,23,0.6358409808234798,0.512280701754386,1429,285
chartqa_train_0003,24,0.6659726220570698,0.5263157894736842,1429,285
chartqa_train_0003,25,0.6701823231106488,0.5298245614035088,1429,285
chartqa_train_0003,26,0.7955526874268767,0.6491228070175439,1429,285
chartqa_train_0003,27,,0.22456140350877193,1429,285
chartqa_train_0004,0,0.5758100117200897,0.5432098765432098,1620,324
chartqa_train_0004,1,0.6341155734880719,0.5555555555555556,1620,324
chartqa_train_0004,2,0.6837740398601817,0.5432098765432098,1620,324
chartqa_train_0004,3,0.5760539196722348,0.5030864197530864,1620,324
chartqa_train_0004,4,0.7213277880957695,0.6234567901234568,1620,324
chartqa_train_0004,5,0.8099605564214527,0.7191358024691358,1620,324
chartqa_train_0004,6,0.6780253655432346,0.6512345679012346,1620,324
chartqa_train_0004,7,0.791252873485682,0.7469135802469136,1620,324
chartqa_train_0004,8,0.6690025453402005,0.5802469135802469,1620,324
chartqa_train_0004,9,0.7384723342604482,0.6697530864197531,1620,324
chartqa_train_0004,10,0.5991951214049678,0.5339506172839507,1620,324
chartqa_train_0004,11,0.6827858471290664,0.6049382716049383,1620,324
chartqa_train_0004,12,0.6752880824648412,0.5493827160493827,1620,324
chartqa_train_0004,13,0.6636090767300369,0.5524691358024691,1620,324
chartqa_train_0004,14,0.5197123284682353,0.38580246913580246,1620,324
chartqa_train_0004,15,0.6163600733089434,0.4783950617283951,1620,324
chartqa_train_0004,16,0.49330147886670456,0.37962962962962965,1620,324
chartqa_train_0004,17,0.5908148492746098,0.42592592592592593,1620,324
chartqa_train_0004,18,0.5949773220835376,0.47530864197530864,1620,324
chartqa_train_0004,19,0.6084924816907996,0.46296296296296297,1620,324
chartqa_train_0004,20,0.6123554769138028,0.4660493827160494,1620,324
chartqa_train_0004,21,0.6435001268530561,0.4691358024691358,1620,324
chartqa_train_0004,22,0.5985728625236206,0.5,1620,324
chartqa_train_0004,23,0.5847693393933443,0.5123456790123457,1620,324
chartqa_train_0004,24,0.6824515416773121,0.5925925925925926,1620,324
chartqa_train_0004,25,0.5921241717787641,0.4351851851851852,1620,324
chartqa_train_0004,26,0.5627221535020758,0.5092592592592593,1620,324
chartqa_train_0004,27,,0.18209876543209877,1620,324
chartqa_train_0005,0,0.6179716924342089,0.5679012345679012,1620,324
chartqa_train_0005,1,0.6397854648739704,0.5401234567901234,1620,324
chartqa_train_0005,2,0.6830141346551838,0.5401234567901234,1620,324
chartqa_train_0005,3,0.578533160909305,0.49691358024691357,1620,324
chartqa_train_0005,4,0.6968541000089574,0.5833333333333334,1620,324
chartqa_train_0005,5,0.7810765165745646,0.7098765432098766,1620,324
chartqa_train_0005,6,0.6571608044754033,0.6049382716049383,1620,324
chartqa_train_0005,7,0.7582697544172812,0.7067901234567902,1620,324
chartqa_train_0005,8,0.6934549623535609,0.5524691358024691,1620,324
chartqa_train_0005,9,0.7623293513459871,0.6697530864197531,1620,324
chartqa_train_0005,10,0.6400454402531088,0.5679012345679012,1620,324
chartqa_train_0005,11,0.6414910634820223,0.5802469135802469,1620,324
chartqa_train_0005,12,0.7144613976705334,0.5925925925925926,1620,324
chartqa_train_0005,13,0.6500889529751034,0.5061728395061729,1620,324
chartqa_train_0005,14,0.7047450278886597,0.558641975308642,1620,324
chartqa_train_0005,15,0.6716423943786859,0.5030864197530864,1620,324
chartqa_train_0005,16,0.6260959826714496,0.4845679012345679,1620,324
chartqa_train_0005,17,0.6541538481739106,0.45987654320987653,1620,324
chartqa_train_0005,18,0.7269605881554323,0.5833333333333334,1620,324
chartqa_train_0005,19,0.7465331071540176,0.5401234567901234,1620,324
chartqa_train_0005,20,0.7244702016498589,0.5308641975308642,1620,324
chartqa_train_0005,21,0.6916336800023545,0.5092592592592593,1620,324
chartqa_train_0005,22,0.7298610528771343,0.5617283950617284,1620,324
chartqa_train_0005,23,0.7098430499708119,0.5925925925925926,1620,324
chartqa_train_0005,24,0.7352018269509406,0.6049382716049383,1620,324
chartqa_train_0005,25,0.7133670420094714,0.5555555555555556,1620,324
chartqa_train_0005,26,0.7511359265601257,0.6666666666666666,1620,324
chartqa_train_0005,27,,0.17901234567901234,1620,324
chartqa_train_0009,0,0.5429974757599276,0.4909090909090909,1377,275
chartqa_train_0009,1,0.516486365193787,0.4763636363636364,1377,275
chartqa_train_0009,2,0.6937094663489428,0.6472727272727272,1377,275
chartqa_train_0009,3,0.5044485699317979,0.5781818181818181,1377,275
chartqa_train_0009,4,0.7159022536454244,0.5854545454545454,1377,275
chartqa_train_0009,5,0.7771493164097344,0.7454545454545455,1377,275
chartqa_train_0009,6,0.6931018084795908,0.6436363636363637,1377,275
chartqa_train_0009,7,0.6966455621686524,0.5963636363636363,1377,275
chartqa_train_0009,8,0.5452939111773082,0.4218181818181818,1377,275
chartqa_train_0009,9,0.7175984415948078,0.5854545454545454,1377,275
chartqa_train_0009,10,0.48171374275369394,0.44727272727272727,1377,275
chartqa_train_0009,11,0.4883245020350188,0.48,1377,275
chartqa_train_0009,12,0.5880002974161607,0.48363636363636364,1377,275
chartqa_train_0009,13,0.5434423011896004,0.4581818181818182,1377,275
chartqa_train_0009,14,0.6195670995519891,0.48727272727272725,1377,275
chartqa_train_0009,15,0.5382007851927681,0.43636363636363634,1377,275
chartqa_train_0009,16,0.50842567883524,0.38181818181818183,1377,275
chartqa_train_0009,17,0.5373618057713068,0.3781818181818182,1377,275
chartqa_train_0009,18,0.5690081489969416,0.3890909090909091,1377,275
chartqa_train_0009,19,0.47576284842473404,0.36727272727272725,1377,275
chartqa_train_0009,20,0.6253263936201717,0.4727272727272727,1377,275
chartqa_train_0009,21,0.5525312313975709,0.49818181818181817,1377,275
chartqa_train_0009,22,0.6275027149187296,0.5818181818181818,1377,275
chartqa_train_0009,23,0.6243107367530224,0.5527272727272727,1377,275
chartqa_train_0009,24,0.6393333326937384,0.5818181818181818,1377,275
chartqa_train_0009,25,0.668127840594033,0.5454545454545454,1377,275
chartqa_train_0009,26,0.7706889844877052,0.6690909090909091,1377,275
chartqa_train_0009,27,,0.2109090909090909,1377,275
chartqa_train_0010,0,0.6406552623016414,0.5642458100558659,1793,358
chartqa_train_0010,1,0.5758406544255884,0.46368715083798884,1793,358
chartqa_train_0010,2,0.635760799123593,0.6145251396648045,1793,358
chartqa_train_0010,3,0.4505780537176958,0.48044692737430167,1793,358
chartqa_train_0010,4,0.7105255647774062,0.5837988826815642,1793,358
chartqa_train_0010,5,0.7918763136244982,0.723463687150838,1793,358
chartqa_train_0010,6,0.6456076672765682,0.5754189944134078,1793,358
chartqa_train_0010,7,0.7050075628244072,0.664804469273743,1793,358
chartqa_train_0010,8,0.7098143364804063,0.5642458100558659,1793,358
chartqa_train_0010,9,0.7889598210326778,0.6759776536312849,1793,358
chartqa_train_0010,10,0.658962311069446,0.5502793296089385,1793,358
chartqa_train_0010,11,0.6579043388372546,0.6005586592178771,1793,358
chartqa_train_0010,12,0.6696095459308447,0.61731843575419,1793,358
chartqa_train_0010,13,0.5806279349033904,0.4553072625698324,1793,358
chartqa_train_0010,14,0.6409760699564429,0.5754189944134078,1793,358
chartqa_train_0010,15,0.6255450368723134,0.5418994413407822,1793,358
chartqa_train_0010,16,0.6934288589629425,0.5558659217877095,1793,358
chartqa_train_0010,17,0.6905861572276835,0.5782122905027933,1793,358
chartqa_train_0010,18,0.6941074964405554,0.5558659217877095,1793,358
chartqa_train_0010,19,0.6852588198683645,0.49441340782122906,1793,358
chartqa_train_0010,20,0.7241128015708171,0.5893854748603352,1793,358
chartqa_train_0010,21,0.7441256679679382,0.61731843575419,1793,358
chartqa_train_0010,22,0.7786712056956543,0.6815642458100558,1793,358
chartqa_train_0010,23,0.7105507325843109,0.6145251396648045,1793,358
chartqa_train_0010,24,0.7520529926027623,0.6620111731843575,1793,358
chartqa_train_0010,25,0.7395431640329387,0.6005586592178771,1793,358
chartqa_train_0010,26,0.776755056904339,0.6731843575418994,1793,358
chartqa_train_0010,27,,0.20391061452513967,1793,358
chartqa_train_0012,0,0.5542038861001487,0.47017543859649125,1429,285
chartqa_train_0012,1,0.5139526638055951,0.42105263157894735,1429,285
chartqa_train_0012,2,0.7129584326449436,0.5929824561403508,1429,285
chartqa_train_0012,3,0.6805494224870884,0.5719298245614035,1429,285
chartqa_train_0012,4,0.7402606930584931,0.6456140350877193,1429,285
chartqa_train_0012,5,0.7965870902321167,0.7403508771929824,1429,285
chartqa_train_0012,6,0.687888268775442,0.6280701754385964,1429,285
chartqa_train_0012,7,0.6962410236670289,0.6666666666666666,1429,285
chartqa_train_0012,8,0.7252336542335815,0.6666666666666666,1429,285
chartqa_train_0012,9,0.7778635161632071,0.6842105263157895,1429,285
chartqa_train_0012,10,0.6210812573570753,0.6210526315789474,1429,285
chartqa_train_0012,11,0.723453073971874,0.7052631578947368,1429,285
chartqa_train_0012,12,0.7123627195747836,0.6982456140350877,1429,285
chartqa_train_0012,13,0.6874433125759317,0.6526315789473685,1429,285
chartqa_train_0012,14,0.6928930119514184,0.6035087719298246,1429,285
chartqa_train_0012,15,0.5868772910031949,0.6070175438596491,1429,285
chartqa_train_0012,16,0.7640004841206104,0.6912280701754386,1429,285
chartqa_train_0012,17,0.7169126755767067,0.5894736842105263,1429,285
chartqa_train_0012,18,0.7633205227559268,0.6877192982456141,1429,285
chartqa_train_0012,19,0.6807126643486804,0.6526315789473685,1429,285
chartqa_train_0012,20,0.6665277175087418,0.5894736842105263,1429,285
chartqa_train_0012,21,0.7547243298130772,0.6210526315789474,1429,285
chartqa_train_0012,22,0.7094766909991882,0.6070175438596491,1429,285
chartqa_train_0012,23,0.7014868908024765,0.6350877192982456,1429,285
chartqa_train_0012,24,0.7501880256921043,0.6807017543859649,1429,285
chartqa_train_0012,25,0.7416606773235264,0.6280701754385964,1429,285
chartqa_train_0012,26,0.7961077638601053,0.6771929824561403,1429,285
chartqa_train_0012,27,0.5746823414350657,0.5614035087719298,1429,285
chartqa_train_0014,0,0.5925705442616349,0.5403508771929825,1429,285
chartqa_train_0014,1,0.5377835721925827,0.4842105263157895,1429,285
chartqa_train_0014,2,0.6991019102049726,0.6210526315789474,1429,285
chartqa_train_0014,3,0.5876125633354089,0.5578947368421052,1429,285
chartqa_train_0014,4,0.7515730681375459,0.6491228070175439,1429,285
chartqa_train_0014,5,0.7666039398586278,0.7543859649122807,1429,285
chartqa_train_0014,6,0.624990580389232,0.6210526315789474,1429,285
chartqa_train_0014,7,0.6852669940416111,0.6807017543859649,1429,285
chartqa_train_0014,8,0.6672345356355531,0.624561403508772,1429,285
chartqa_train_0014,9,0.7373352739033966,0.6526315789473685,1429,285
chartqa_train_0014,10,0.6359003862622374,0.6491228070175439,1429,285
chartqa_train_0014,11,0.6581089951174713,0.6140350877192983,1429,285
chartqa_train_0014,12,0.7376986554877546,0.6666666666666666,1429,285
chartqa_train_0014,13,0.7033264754960202,0.6105263157894737,1429,285
chartqa_train_0014,14,0.7294273845783783,0.6456140350877193,1429,285
chartqa_train_0014,15,0.6912578614291109,0.631578947368421,1429,285
chartqa_train_0014,16,0.7341796235924901,0.5894736842105263,1429,285
chartqa_train_0014,17,0.6494828848665644,0.5403508771929825,1429,285
chartqa_train_0014,18,0.6874130770790586,0.5859649122807018,1429,285
chartqa_train_0014,19,0.7168392679812907,0.6070175438596491,1429,285
chartqa_train_0014,20,0.7028660999710121,0.6280701754385964,1429,285
chartqa_train_0014,21,0.747493896548864,0.624561403508772,1429,285
chartqa_train_0014,22,0.6914551778428275,0.5754385964912281,1429,285
chartqa_train_0014,23,0.6794144941788864,0.5929824561403508,1429,285
chartqa_train_0014,24,0.7214179184332307,0.6175438596491228,1429,285
chartqa_train_0014,25,0.7066371703001061,0.5859649122807018,1429,285
chartqa_train_0014,26,0.6761931461016356,0.5894736842105263,1429,285
chartqa_train_0014,27,,0.24561403508771928,1429,285
chartqa_train_0015,0,0.5512064063064295,0.5298245614035088,1429,285
chartqa_train_0015,1,0.5423364270975423,0.47017543859649125,1429,285
chartqa_train_0015,2,0.6868864632235983,0.6491228070175439,1429,285
chartqa_train_0015,3,0.5137099414009016,0.4807017543859649,1429,285
chartqa_train_0015,4,0.6761287584796742,0.5824561403508772,1429,285
chartqa_train_0015,5,0.7490754529780912,0.6771929824561403,1429,285
chartqa_train_0015,6,0.5905760824922105,0.5508771929824562,1429,285
chartqa_train_0015,7,0.6033973170286957,0.5543859649122806,1429,285
chartqa_train_0015,8,0.5128271803889084,0.39649122807017545,1429,285
chartqa_train_0015,9,0.6493297278874328,0.45614035087719296,1429,285
chartqa_train_0015,10,0.4400391551474523,0.4,1429,285
chartqa_train_0015,11,0.4074938092809294,0.4666666666666667,1429,285
chartqa_train_0015,12,0.5338569658770976,0.44912280701754387,1429,285
chartqa_train_0015,13,0.39667938539268544,0.312280701754386,1429,285
chartqa_train_0015,14,0.5001580830085869,0.41403508771929826,1429,285
chartqa_train_0015,15,0.4059651684965227,0.3929824561403509,1429,285
chartqa_train_0015,16,0.3794229549621325,0.312280701754386,1429,285
chartqa_train_0015,17,0.447014815911525,0.3824561403508772,1429,285
chartqa_train_0015,18,0.5404616711150374,0.43859649122807015,1429,285
chartqa_train_0015,19,0.42106364821604353,0.4105263157894737,1429,285
chartqa_train_0015,20,0.5208417804057048,0.4245614035087719,1429,285
chartqa_train_0015,21,0.4804239483327013,0.41754385964912283,1429,285
chartqa_train_0015,22,0.5552312044634014,0.45964912280701753,1429,285
chartqa_train_0015,23,0.5168974522988278,0.45263157894736844,1429,285
chartqa_train_0015,24,0.5142408256440779,0.47017543859649125,1429,285
chartqa_train_0015,25,0.5848909227451068,0.4666666666666667,1429,285
chartqa_train_0015,26,0.6298031214262052,0.49473684210526314,1429,285
chartqa_train_0015,27,,0.24912280701754386,1429,285
chartqa_train_0017,0,0.5275678572803296,0.5017543859649123,1429,285
chartqa_train_0017,1,0.5614783803541923,0.47368421052631576,1429,285
chartqa_train_0017,2,0.7328046559632464,0.6035087719298246,1429,285
chartqa_train_0017,3,0.6689281380302771,0.5298245614035088,1429,285
chartqa_train_0017,4,0.7152666624719952,0.6526315789473685,1429,285
chartqa_train_0017,5,0.8142689615072676,0.7333333333333333,1429,285
chartqa_train_0017,6,0.6937552631152013,0.6982456140350877,1429,285
chartqa_train_0017,7,0.7199432664543635,0.6982456140350877,1429,285
chartqa_train_0017,8,0.7614834471003219,0.6912280701754386,1429,285
chartqa_train_0017,9,0.8116182590530953,0.7684210526315789,1429,285
chartqa_train_0017,10,0.6877380523497518,0.6631578947368421,1429,285
chartqa_train_0017,11,0.7857768212511641,0.7087719298245614,1429,285
chartqa_train_0017,12,0.7579947897193846,0.6842105263157895,1429,285
chartqa_train_0017,13,0.692567907144972,0.656140350877193,1429,285
chartqa_train_0017,14,0.6966693970595048,0.5719298245614035,1429,285
chartqa_train_0017,15,0.5521959633018424,0.5543859649122806,1429,285
chartqa_train_0017,16,0.7446527263175626,0.6421052631578947,1429,285
chartqa_train_0017,17,0.7505702650535726,0.631578947368421,1429,285
chartqa_train_0017,18,0.7834602993162124,0.6421052631578947,1429,285
chartqa_train_0017,19,0.7644211375235481,0.6701754385964912,1429,285
chartqa_train_0017,20,0.7384792780406526,0.6035087719298246,1429,285
chartqa_train_0017,21,0.8082424180869462,0.6771929824561403,1429,285
chartqa_train_0017,22,0.7901145747794174,0.6807017543859649,1429,285
chartqa_train_0017,23,0.775620579236405,0.6947368421052632,1429,285
chartqa_train_0017,24,0.8053186796494148,0.6947368421052632,1429,285
chartqa_train_0017,25,0.7379179705474143,0.6385964912280702,1429,285
chartqa_train_0017,26,0.8015798550267779,0.7087719298245614,1429,285
chartqa_train_0017,27,0.5745748954616278,0.6035087719298246,1429,285
chartqa_train_0021,0,0.5647519082322979,0.4281842818428184,1849,369
chartqa_train_0021,1,0.5883660442663705,0.48509485094850946,1849,369
chartqa_train_0021,2,0.6503363581899486,0.5718157181571816,1849,369
chartqa_train_0021,3,0.4505589988725128,0.5121951219512195,1849,369
chartqa_train_0021,4,0.6837105081270278,0.5636856368563685,1849,369
chartqa_train_0021,5,0.7425419792373312,0.6829268292682927,1849,369
chartqa_train_0021,6,0.6359519760695814,0.5962059620596206,1849,369
chartqa_train_0021,7,0.7014406652258524,0.6368563685636857,1849,369
chartqa_train_0021,8,0.66888102871763,0.5528455284552846,1849,369
chartqa_train_0021,9,0.7852249931715182,0.6449864498644986,1849,369
chartqa_train_0021,10,0.7158121552683189,0.6368563685636857,1849,369
chartqa_train_0021,11,0.709280814092019,0.6070460704607046,1849,369
chartqa_train_0021,12,0.7421013700492678,0.6205962059620597,1849,369
chartqa_train_0021,13,0.6876238235657621,0.5365853658536586,1849,369
chartqa_train_0021,14,0.7441582691908716,0.6178861788617886,1849,369
chartqa_train_0021,15,0.6725688246373422,0.5772357723577236,1849,369
chartqa_train_0021,16,0.6471491606168344,0.4742547425474255,1849,369
chartqa_train_0021,17,0.6825719517940734,0.4634146341463415,1849,369
chartqa_train_0021,18,0.6655730456892964,0.48509485094850946,1849,369
chartqa_train_0021,19,0.6446828468202378,0.44173441734417346,1849,369
chartqa_train_0021,20,0.7018618771251552,0.5501355013550135,1849,369
chartqa_train_0021,21,0.706871048396779,0.5392953929539296,1849,369
chartqa_train_0021,22,0.7218809895513358,0.6016260162601627,1849,369
chartqa_train_0021,23,0.6961777173271696,0.5555555555555556,1849,369
chartqa_train_0021,24,0.6872456871914525,0.5826558265582655,1849,369
chartqa_train_0021,25,0.6800875828394902,0.5691056910569106,1849,369
chartqa_train_0021,26,0.763150007418434,0.6504065040650406,1849,369
chartqa_train_0021,27,0.5342374805814173,0.5420054200542005,1849,369
chartqa_train_0022,0,0.5834803162610519,0.513986013986014,1431,286
chartqa_train_0022,1,0.524675886908961,0.45104895104895104,1431,286
chartqa_train_0022,2,0.7190774809355477,0.6188811188811189,1431,286
chartqa_train_0022,3,0.6406772422160508,0.5629370629370629,1431,286
chartqa_train_0022,4,0.7855670026405124,0.6678321678321678,1431,286
chartqa_train_0022,5,0.7991070140265992,0.7237762237762237,1431,286
chartqa_train_0022,6,0.6730961221818693,0.6468531468531469,1431,286
chartqa_train_0022,7,0.7705380875083137,0.7447552447552448,1431,286
chartqa_train_0022,8,0.7510384322586754,0.6503496503496503,1431,286
chartqa_train_0022,9,0.8247605849012806,0.7307692307692307,1431,286
chartqa_train_0022,10,0.7110023558211266,0.6363636363636364,1431,286
chartqa_train_0022,11,0.69873376684648,0.6538461538461539,1431,286
chartqa_train_0022,12,0.7497675265239275,0.6748251748251748,1431,286
chartqa_train_0022,13,0.7547711618932708,0.6573426573426573,1431,286
chartqa_train_0022,14,0.7516386336220306,0.6643356643356644,1431,286
chartqa_train_0022,15,0.7002500622153226,0.6188811188811189,1431,286
chartqa_train_0022,16,0.732678617713983,0.6328671328671329,1431,286
chartqa_train_0022,17,0.6733406976566984,0.5979020979020979,1431,286
chartqa_train_0022,18,0.7130124081932215,0.6153846153846154,1431,286
chartqa_train_0022,19,0.6963264607175577,0.6573426573426573,1431,286
chartqa_train_0022,20,0.6727776209839116,0.6258741258741258,1431,286
chartqa_train_0022,21,0.7126022598867344,0.6083916083916084,1431,286
chartqa_train_0022,22,0.7083093698922344,0.6503496503496503,1431,286
chartqa_train_0022,23,0.6228391376103781,0.5769230769230769,1431,286
chartqa_train_0022,24,0.7102712574131166,0.6223776223776224,1431,286
chartqa_train_0022,25,0.6591482790310504,0.5559440559440559,1431,286
chartqa_train_0022,26,0.6476839025485505,0.5664335664335665,1431,286
chartqa_train_0022,27,,0.1853146853146853,1431,286
chartqa_train_0024,0,0.552374487835074,0.44113667117726657,3699,739
chartqa_train_0024,1,0.5547955351591539,0.46820027063599456,3699,739
chartqa_train_0024,2,0.5626587630583737,0.5602165087956699,3699,739
chartqa_train_0024,3,0.35871933467170936,0.4871447902571042,3699,739
chartqa_train_0024,4,0.6519169792941376,0.5926928281461434,3699,739
chartqa_train_0024,5,0.7336685845364763,0.7104194857916103,3699,739
chartqa_train_0024,6,0.6132991424027834,0.5805142083897158,3699,739
chartqa_train_0024,7,0.6729601322875554,0.6441136671177267,3699,739
chartqa_train_0024,8,0.690425288834258,0.5737483085250338,3699,739
chartqa_train_0024,9,0.7474257830734468,0.6481732070365359,3699,739
chartqa_train_0024,10,0.6104486913533167,0.5751014884979703,3699,739
chartqa_train_0024,11,0.5776065945258924,0.5764546684709067,3699,739
chartqa_train_0024,12,0.5503401231834198,0.5345060893098782,3699,739
chartqa_train_0024,13,0.46114572579987884,0.44519621109607577,3699,739
chartqa_train_0024,14,0.5590374824403702,0.5115020297699594,3699,739
chartqa_train_0024,15,0.4548366463747538,0.4654939106901218,3699,739
chartqa_train_0024,16,0.564453473387225,0.46414073071718537,3699,739
chartqa_train_0024,17,0.6047700728226498,0.4979702300405954,3699,739
chartqa_train_0024,18,0.6037495814597368,0.5277401894451962,3699,739
chartqa_train_0024,19,0.6438330890924309,0.5128552097428958,3699,739
chartqa_train_0024,20,0.6218794586277482,0.5345060893098782,3699,739
chartqa_train_0024,21,0.6504166258484132,0.5859269282814614,3699,739
chartqa_train_0024,22,0.7198437460047948,0.638700947225981,3699,739
chartqa_train_0024,23,0.6813284367313722,0.5886332882273342,3699,739
chartqa_train_0024,24,0.6780361646177123,0.6008119079837618,3699,739
chartqa_train_0024,25,0.6488921546492014,0.557510148849797,3699,739
chartqa_train_0024,26,0.7457770449084153,0.6400541271989174,3699,739
chartqa_train_0024,27,,0.17726657645466848,3699,739
chartqa_train_0025,0,0.5503444814652859,0.4397834912043302,3699,739
chartqa_train_0025,1,0.5532504463143265,0.4654939106901218,3699,739
chartqa_train_0025,2,0.5623313827232388,0.557510148849797,3699,739
chartqa_train_0025,3,0.3655009977044739,0.4871447902571042,3699,739
chartqa_train_0025,4,0.6507782262199329,0.5805142083897158,3699,739
chartqa_train_0025,5,0.7288367524737769,0.7090663058186739,3699,739
chartqa_train_0025,6,0.6306093225166107,0.6143437077131259,3699,739
chartqa_train_0025,7,0.6728324304775006,0.6508795669824087,3699,739
chartqa_train_0025,8,0.6749819978658832,0.5656292286874154,3699,739
chartqa_train_0025,9,0.748072501571816,0.6535859269282814,3699,739
chartqa_train_0025,10,0.6303190397368261,0.5926928281461434,3699,739
chartqa_train_0025,11,0.5901194989464364,0.5751014884979703,3699,739
chartqa_train_0025,12,0.544570944789793,0.5372124492557511,3699,739
chartqa_train_0025,13,0.4626164738143336,0.45331529093369416,3699,739
chartqa_train_0025,14,0.5860131467314539,0.5345060893098782,3699,739
chartqa_train_0025,15,0.47143740679777557,0.46820027063599456,3699,739
chartqa_train_0025,16,0.5240527093021512,0.4397834912043302,3699,739
chartqa_train_0025,17,0.5924371535971434,0.5006765899864682,3699,739
chartqa_train_0025,18,0.6018969647592068,0.530446549391069,3699,739
chartqa_train_0025,19,0.6115782458883814,0.5087956698240866,3699,739
chartqa_train_0025,20,0.5990704120860717,0.5209742895805142,3699,739
chartqa_train_0025,21,0.6320677295072514,0.5764546684709067,3699,739
chartqa_train_0025,22,0.6899929709305278,0.6116373477672531,3699,739
chartqa_train_0025,23,0.6614241243014973,0.5723951285520974,3699,739
chartqa_train_0025,24,0.6440081065544779,0.5764546684709067,3699,739
chartqa_train_0025,25,0.6479660863983427,0.5561569688768606,3699,739
chartqa_train_0025,26,0.7336757479397873,0.6359945872801083,3699,739
chartqa_train_0025,27,,0.17591339648173207,3699,739
chartqa_train_0026,0,0.5804713219274688,0.5139275766016713,3591,718
chartqa_train_0026,1,0.5720992647013807,0.5041782729805014,3591,718
chartqa_train_0026,2,0.609962099594919,0.5682451253481894,3591,718
chartqa_train_0026,3,0.4026266473214937,0.532033426183844,3591,718
chartqa_train_0026,4,0.6922332758156213,0.6545961002785515,3591,718
chartqa_train_0026,5,0.7852176464012136,0.7061281337047354,3591,718
chartqa_train_0026,6,0.6669454814960883,0.6155988857938719,3591,718
chartqa_train_0026,7,0.7128791985926662,0.6713091922005571,3591,718
chartqa_train_0026,8,0.7150453624361272,0.6142061281337048,3591,718
chartqa_train_0026,9,0.8091731860744246,0.713091922005571,3591,718
chartqa_train_0026,10,0.7279635329903942,0.6323119777158774,3591,718
chartqa_train_0026,11,0.6799779087724807,0.6016713091922006,3591,718
chartqa_train_0026,12,0.6962428782931719,0.5793871866295265,3591,718
chartqa_train_0026,13,0.5799313389300674,0.5041782729805014,3591,718
chartqa_train_0026,14,0.6305560896728508,0.5334261838440112,3591,718
chartqa_train_0026,15,0.6085130386885451,0.5041782729805014,3591,718
chartqa_train_0026,16,0.5402735773157672,0.47214484679665736,3591,718
chartqa_train_0026,17,0.620649994264778,0.49164345403899723,3591,718
chartqa_train_0026,18,0.6018494574359365,0.5167130919220055,3591,718
chartqa_train_0026,19,0.6317554476740246,0.5264623955431755,3591,718
chartqa_train_0026,20,0.6680090590035384,0.564066852367688,3591,718
chartqa_train_0026,21,0.7127533285314281,0.6267409470752089,3591,718
chartqa_train_0026,22,0.7279627469738623,0.649025069637883,3591,718
chartqa_train_0026,23,0.6662374780153865,0.584958217270195,3591,718
chartqa_train_0026,24,0.728229428008712,0.6559888579387186,3591,718
chartqa_train_0026,25,0.6700679187575483,0.5779944289693594,3591,718
chartqa_train_0026,26,0.7217481898154829,0.6629526462395543,3591,718
chartqa_train_0026,27,0.4911952945991988,0.5306406685236769,3591,718
chartqa_train_0027,0,0.5773698509387775,0.5125348189415042,3591,718
chartqa_train_0027,1,0.5682306881002644,0.49442896935933145,3591,718
chartqa_train_0027,2,0.5975870880236513,0.5473537604456824,3591,718
chartqa_train_0027,3,0.40737528825592295,0.5362116991643454,3591,718
chartqa_train_0027,4,0.691672785722018,0.6364902506963789,3591,718
chartqa_train_0027,5,0.7933448718197078,0.7116991643454039,3591,718
chartqa_train_0027,6,0.659077067761986,0.5891364902506964,3591,718
chartqa_train_0027,7,0.7138213315159055,0.6518105849582173,3591,718
chartqa_train_0027,8,0.7455667425528021,0.6309192200557103,3591,718
chartqa_train_0027,9,0.7758229444425833,0.6671309192200557,3591,718
chartqa_train_0027,10,0.7076530348407637,0.6044568245125348,3591,718
chartqa_train_0027,11,0.7045138498017723,0.6476323119777159,3591,718
chartqa_train_0027,12,0.663277667517259,0.5710306406685237,3591,718
chartqa_train_0027,13,0.6093643090639115,0.5194986072423399,3591,718
chartqa_train_0027,14,0.5237153608842641,0.48746518105849584,3591,718
chartqa_train_0027,15,0.6139406765762064,0.5194986072423399,3591,718
chartqa_train_0027,16,0.41314736795925294,0.3802228412256267,3591,718
chartqa_train_0027,17,0.533907948633383,0.43454038997214484,3591,718
chartqa_train_0027,18,0.5505817142096806,0.44846796657381616,3591,718
chartqa_train_0027,19,0.5320009098811352,0.4275766016713092,3591,718
chartqa_train_0027,20,0.5895229266010095,0.4637883008356546,3591,718
chartqa_train_0027,21,0.6168408397121179,0.5181058495821727,3591,718
chartqa_train_0027,22,0.6529949285820326,0.5222841225626741,3591,718
chartqa_train_0027,23,0.609460512760238,0.5097493036211699,3591,718
chartqa_train_0027,24,0.6768615820574433,0.6072423398328691,3591,718
chartqa_train_0027,25,0.5933042610277255,0.5181058495821727,3591,718
chartqa_train_0027,26,0.6396489715620483,0.5919220055710307,3591,718
chartqa_train_0027,27,,0.11559888579387187,3591,718
chartqa_train_0028,0,0.5615586277929087,0.4329608938547486,1793,358
chartqa_train_0028,1,0.5556781343041479,0.5167597765363129,1793,358
chartqa_train_0028,2,0.6324645988443915,0.6005586592178771,1793,358
chartqa_train_0028,3,0.49154478847478167,0.5418994413407822,1793,358
chartqa_train_0028,4,0.7084606012786159,0.6033519553072626,1793,358
chartqa_train_0028,5,0.7158443533644477,0.6955307262569832,1793,358
chartqa_train_0028,6,0.6731785286303174,0.6424581005586593,1793,358
chartqa_train_0028,7,0.7163282399897467,0.664804469273743,1793,358
chartqa_train_0028,8,0.7154828364672017,0.5893854748603352,1793,358
chartqa_train_0028,9,0.8044126250618376,0.7122905027932961,1793,358
chartqa_train_0028,10,0.6962275116629113,0.5726256983240223,1793,358
chartqa_train_0028,11,0.6327739459484105,0.5782122905027933,1793,358
chartqa_train_0028,12,0.6482298289179012,0.49441340782122906,1793,358
chartqa_train_0028,13,0.49972845266542676,0.4329608938547486,1793,358
chartqa_train_0028,14,0.4964012460287015,0.49162011173184356,1793,358
chartqa_train_0028,15,0.5771473407050743,0.48324022346368717,1793,358
chartqa_train_0028,16,0.42024254307070674,0.34916201117318435,1793,358
chartqa_train_0028,17,0.5159065810687632,0.4273743016759777,1793,358
chartqa_train_0028,18,0.4800964241220825,0.39385474860335196,1793,358
chartqa_train_0028,19,0.37784931205807604,0.36312849162011174,1793,358
chartqa_train_0028,20,0.5723989013381413,0.4888268156424581,1793,358
chartqa_train_0028,21,0.5094168546568477,0.4720670391061452,1793,358
chartqa_train_0028,22,0.5638228604564033,0.5111731843575419,1793,358
chartqa_train_0028,23,0.5361502224698785,0.43575418994413406,1793,358
chartqa_train_0028,24,0.5389713020660574,0.4748603351955307,1793,358
chartqa_train_0028,25,0.5480191070965365,0.4553072625698324,1793,358
chartqa_train_0028,26,0.5948898248147658,0.4888268156424581,1793,358
chartqa_train_0028,27,,0.22905027932960895,1793,358
chartqa_train_0030,0,0.5251199282895559,0.513986013986014,1431,286
chartqa_train_0030,1,0.552943859327804,0.458041958041958,1431,286
chartqa_train_0030,2,0.7135048419766827,0.6083916083916084,1431,286
chartqa_train_0030,3,0.6138680004470951,0.5314685314685315,1431,286
chartqa_train_0030,4,0.7265808407623888,0.6538461538461539,1431,286
chartqa_train_0030,5,0.7775689771499902,0.6573426573426573,1431,286
chartqa_train_0030,6,0.6613895623826849,0.5979020979020979,1431,286
chartqa_train_0030,7,0.6859060273085025,0.6083916083916084,1431,286
chartqa_train_0030,8,0.6396700586401278,0.513986013986014,1431,286
chartqa_train_0030,9,0.6942004020490572,0.6188811188811189,1431,286
chartqa_train_0030,10,0.47736722192897746,0.47202797202797203,1431,286
chartqa_train_0030,11,0.6090893436060589,0.5699300699300699,1431,286
chartqa_train_0030,12,0.604619773792592,0.5524475524475524,1431,286
chartqa_train_0030,13,0.5439261757855787,0.45454545454545453,1431,286
chartqa_train_0030,14,0.5177597981045853,0.36713286713286714,1431,286
chartqa_train_0030,15,0.5638272931328023,0.4825174825174825,1431,286
chartqa_train_0030,16,0.44553806385049677,0.2937062937062937,1431,286
chartqa_train_0030,17,0.4983476500982178,0.34265734265734266,1431,286
chartqa_train_0030,18,0.4774308996420139,0.36013986013986016,1431,286
chartqa_train_0030,19,0.4823735693846736,0.2692307692307692,1431,286
chartqa_train_0030,20,0.5081885620779935,0.3811188811188811,1431,286
chartqa_train_0030,21,0.5535509368338111,0.4160839160839161,1431,286
chartqa_train_0030,22,0.5367671038319021,0.4090909090909091,1431,286
chartqa_train_0030,23,0.4990625378580888,0.4020979020979021,1431,286
chartqa_train_0030,24,0.5835139513829908,0.47202797202797203,1431,286
chartqa_train_0030,25,0.48071115167318346,0.36713286713286714,1431,286
chartqa_train_0030,26,0.5682543794360073,0.4370629370629371,1431,286
chartqa_train_0030,27,,0.20279720279720279,1431,286
chartqa_train_0038,0,0.6096177503879868,0.5178571428571429,1681,336
chartqa_train_0038,1,0.5493787458301216,0.46726190476190477,1681,336
chartqa_train_0038,2,0.598344665757897,0.5357142857142857,1681,336
chartqa_train_0038,3,0.5227905051474306,0.49107142857142855,1681,336
chartqa_train_0038,4,0.697085564002459,0.6607142857142857,1681,336
chartqa_train_0038,5,0.7808063846817506,0.7202380952380952,1681,336
chartqa_train_0038,6,0.6493278948115561,0.6041666666666666,1681,336
chartqa_train_0038,7,0.6783120996822607,0.6160714285714286,1681,336
chartqa_train_0038,8,0.7243916320000847,0.6607142857142857,1681,336
chartqa_train_0038,9,0.8002677857591726,0.7142857142857143,1681,336
chartqa_train_0038,10,0.7323457863631947,0.6785714285714286,1681,336
chartqa_train_0038,11,0.6743982005200501,0.6577380952380952,1681,336
chartqa_train_0038,12,0.7485825552747317,0.6279761904761905,1681,336
chartqa_train_0038,13,0.7531335361078604,0.6636904761904762,1681,336
chartqa_train_0038,14,0.7295184934650025,0.6696428571428571,1681,336
chartqa_train_0038,15,0.6588543908197804,0.5148809523809523,1681,336
chartqa_train_0038,16,0.7742357245714133,0.6488095238095238,1681,336
chartqa_train_0038,17,0.7653003369680282,0.6041666666666666,1681,336
chartqa_train_0038,18,0.7824999667244067,0.6458333333333334,1681,336
chartqa_train_0038,19,0.7254443654274881,0.5833333333333334,1681,336
chartqa_train_0038,20,0.7245345981607563,0.5446428571428571,1681,336
chartqa_train_0038,21,0.7297570722284993,0.5684523809523809,1681,336
chartqa_train_0038,22,0.7511487495475316,0.6458333333333334,1681,336
chartqa_train_0038,23,0.7074668421790453,0.5803571428571429,1681,336
chartqa_train_0038,24,0.7041413146122647,0.5714285714285714,1681,336
chartqa_train_0038,25,0.6987429546154253,0.5654761904761905,1681,336
chartqa_train_0038,26,0.7458402298801107,0.6369047619047619,1681,336
chartqa_train_0038,27,0.45689168971031147,0.48214285714285715,1681,336
chartqa_train_0039,0,0.5564515995232235,0.47619047619047616,1681,336
chartqa_train_0039,1,0.5694409881409963,0.4494047619047619,1681,336
chartqa_train_0039,2,0.6161159855047301,0.5476190476190477,1681,336
chartqa_train_0039,3,0.5095534593481034,0.5,1681,336
chartqa_train_0039,4,0.6063972519810438,0.5386904761904762,1681,336
chartqa_train_0039,5,0.7472560765464179,0.6875,1681,336
chartqa_train_0039,6,0.5983568234762714,0.5357142857142857,1681,336
chartqa_train_0039,7,0.644823984665772,0.625,1681,336
chartqa_train_0039,8,0.6520035443198298,0.5416666666666666,1681,336
chartqa_train_0039,9,0.7703484965183237,0.6785714285714286,1681,336
chartqa_train_0039,10,0.6697232290257693,0.5982142857142857,1681,336
chartqa_train_0039,11,0.5818452611389274,0.5833333333333334,1681,336
chartqa_train_0039,12,0.6571018952357901,0.5714285714285714,1681,336
chartqa_train_0039,13,0.7055483945265999,0.6190476190476191,1681,336
chartqa_train_0039,14,0.6224774742902579,0.5714285714285714,1681,336
chartqa_train_0039,15,0.6567092591445834,0.5446428571428571,1681,336
chartqa_train_0039,16,0.6619686688710935,0.5773809523809523,1681,336
chartqa_train_0039,17,0.67896474118666,0.5565476190476191,1681,336
chartqa_train_0039,18,0.7448444632026477,0.6011904761904762,1681,336
chartqa_train_0039,19,0.6499831555454019,0.49702380952380953,1681,336
chartqa_train_0039,20,0.7491886294713387,0.5714285714285714,1681,336
chartqa_train_0039,21,0.7165341861368761,0.5684523809523809,1681,336
chartqa_train_0039,22,0.7730267889047805,0.6875,1681,336
chartqa_train_0039,23,0.7207666736371182,0.6041666666666666,1681,336
chartqa_train_0039,24,0.7215856456570919,0.6041666666666666,1681,336
chartqa_train_0039,25,0.7257740091267942,0.5803571428571429,1681,336
chartqa_train_0039,26,0.7840694662749805,0.7261904761904762,1681,336
chartqa_train_0039,27,,0.22023809523809523,1681,336
chartqa_train_0043,0,0.542666123312724,0.4781144781144781,1485,297
chartqa_train_0043,1,0.5218806884539117,0.46464646464646464,1485,297
chartqa_train_0043,2,0.682536462380582,0.5622895622895623,1485,297
chartqa_train_0043,3,0.5650224273334823,0.531986531986532,1485,297
chartqa_train_0043,4,0.6834603395859477,0.5959595959595959,1485,297
chartqa_train_0043,5,0.7205129554494545,0.5925925925925926,1485,297
chartqa_train_0043,6,0.6155645633530425,0.5521885521885522,1485,297
chartqa_train_0043,7,0.5942537042213833,0.5151515151515151,1485,297
chartqa_train_0043,8,0.5004747492861277,0.4074074074074074,1485,297
chartqa_train_0043,9,0.578109394533539,0.48484848484848486,1485,297
chartqa_train_0043,10,0.3740472533190731,0.39730639730639733,1485,297
chartqa_train_0043,11,0.2916067482141863,0.4006734006734007,1485,297
chartqa_train_0043,12,0.3146180506135601,0.3501683501683502,1485,297
chartqa_train_0043,13,0.2698158563964201,0.28619528619528617,1485,297
chartqa_train_0043,14,0.30154292505839053,0.43097643097643096,1485,297
chartqa_train_0043,15,0.3573993808335529,0.40404040404040403,1485,297
chartqa_train_0043,16,0.38748721688084187,0.37037037037037035,1485,297
chartqa_train_0043,17,0.33566892294904294,0.31313131313131315,1485,297
chartqa_train_0043,18,0.4855426962492182,0.3872053872053872,1485,297
chartqa_train_0043,19,0.3880560336796797,0.3367003367003367,1485,297
chartqa_train_0043,20,0.4848051721544913,0.4781144781144781,1485,297
chartqa_train_0043,21,0.44982709638132873,0.4713804713804714,1485,297
chartqa_train_0043,22,0.5255738796078763,0.531986531986532,1485,297
chartqa_train_0043,23,0.5456679217900576,0.5353535353535354,1485,297
chartqa_train_0043,24,0.6037253610319488,0.4983164983164983,1485,297
chartqa_train_0043,25,0.5756220318447669,0.49158249158249157,1485,297
chartqa_train_0043,26,0.6064053235451567,0.5016835016835017,1485,297
chartqa_train_0043,27,0.3280014160244228,0.3872053872053872,1485,297
chartqa_train_0044,0,0.580131053688225,0.5174825174825175,1431,286
chartqa_train_0044,1,0.5129271857889667,0.44755244755244755,1431,286
chartqa_train_0044,2,0.6510801797398684,0.5979020979020979,1431,286
chartqa_train_0044,3,0.5274934724254295,0.534965034965035,1431,286
chartqa_train_0044,4,0.688981431381196,0.5244755244755245,1431,286
chartqa_train_0044,5,0.7400310009403367,0.7027972027972028,1431,286
chartqa_train_0044,6,0.6482951397255411,0.6293706293706294,1431,286
chartqa_train_0044,7,0.6925424620517987,0.6538461538461539,1431,286
chartqa_train_0044,8,0.6502490468847015,0.5524475524475524,1431,286
chartqa_train_0044,9,0.7963517226858213,0.6958041958041958,1431,286
chartqa_train_0044,10,0.6111457655760498,0.5734265734265734,1431,286
chartqa_train_0044,11,0.6593128808191802,0.6188811188811189,1431,286
chartqa_train_0044,12,0.6345059477879441,0.5734265734265734,1431,286
chartqa_train_0044,13,0.7144186153631568,0.6048951048951049,1431,286
chartqa_train_0044,14,0.44553560672034,0.479020979020979,1431,286
chartqa_train_0044,15,0.42948151550875324,0.3776223776223776,1431,286
chartqa_train_0044,16,0.521312519451073,0.3986013986013986,1431,286
chartqa_train_0044,17,0.49099673019844225,0.3951048951048951,1431,286
chartqa_train_0044,18,0.6839990997944181,0.5524475524475524,1431,286
chartqa_train_0044,19,0.503589375938516,0.4370629370629371,1431,286
chartqa_train_0044,20,0.4848158398442856,0.4370629370629371,1431,286
chartqa_train_0044,21,0.5559420419295416,0.5174825174825175,1431,286
chartqa_train_0044,22,0.5077595074267954,0.45454545454545453,1431,286
chartqa_train_0044,23,0.5432954940972106,0.46153846153846156,1431,286
chartqa_train_0044,24,0.6518547847952869,0.5734265734265734,1431,286
chartqa_train_0044,25,0.5798053342845044,0.493006993006993,1431,286
chartqa_train_0044,26,0.6423088089894122,0.5664335664335665,1431,286
chartqa_train_0044,27,,0.1958041958041958,1431,286
chartqa_train_0052,0,0.5860308041640697,0.4646074646074646,3888,777
chartqa_train_0052,1,0.5598606270381545,0.4272844272844273,3888,777
chartqa_train_0052,2,0.6249710770680973,0.5804375804375804,3888,777
chartqa_train_0052,3,0.3331987068069932,0.44015444015444016,3888,777
chartqa_train_0052,4,0.7202631200421664,0.6087516087516087,3888,777
chartqa_train_0052,5,0.7660171848605948,0.6525096525096525,3888,777
chartqa_train_0052,6,0.6959871906627372,0.5984555984555985,3888,777
chartqa_train_0052,7,0.6985010657838604,0.6216216216216216,3888,777
chartqa_train_0052,8,0.7237105291509809,0.5868725868725869,3888,777
chartqa_train_0052,9,0.8008528921389888,0.6898326898326899,3888,777
chartqa_train_0052,10,0.670289790135018,0.6254826254826255,3888,777
chartqa_train_0052,11,0.6076269598003351,0.5894465894465895,3888,777
chartqa_train_0052,12,0.6066572187302508,0.5675675675675675,3888,777
chartqa_train_0052,13,0.48887544732727783,0.4517374517374517,3888,777
chartqa_train_0052,14,0.5843726521382689,0.574002574002574,3888,777
chartqa_train_0052,15,0.62183119405514,0.5701415701415702,3888,777
chartqa_train_0052,16,0.5904953551848563,0.5148005148005148,3888,777
chartqa_train_0052,17,0.6431424196271645,0.49935649935649934,3888,777
chartqa_train_0052,18,0.5800928608991425,0.5070785070785071,3888,777
chartqa_train_0052,19,0.5449997919785937,0.4954954954954955,3888,777
chartqa_train_0052,20,0.6440920254694851,0.5662805662805663,3888,777
chartqa_train_0052,21,0.6686759507034505,0.5933075933075933,3888,777
chartqa_train_0052,22,0.7005456940027298,0.6499356499356499,3888,777
chartqa_train_0052,23,0.6944280597539967,0.6241956241956242,3888,777
chartqa_train_0052,24,0.7285605566594126,0.6267696267696268,3888,777
chartqa_train_0052,25,0.7176127998730765,0.5881595881595881,3888,777
chartqa_train_0052,26,0.7682089614820166,0.6705276705276705,3888,777
chartqa_train_0052,27,0.5845641917266546,0.5096525096525096,3888,777
chartqa_train_0053,0,0.6037675424503509,0.5032175032175032,3888,777
chartqa_train_0053,1,0.5541483680788282,0.43243243243243246,3888,777
chartqa_train_0053,2,0.6318821789920288,0.5778635778635779,3888,777
chartqa_train_0053,3,0.3473151710450999,0.4453024453024453,3888,777
chartqa_train_0053,4,0.7293598095598368,0.6126126126126126,3888,777
chartqa_train_0053,5,0.7678458651404048,0.6743886743886743,3888,777
chartqa_train_0053,6,0.6866599195925253,0.5907335907335908,3888,777
chartqa_train_0053,7,0.7191954886956335,0.6306306306306306,3888,777
chartqa_train_0053,8,0.7710546739201446,0.6525096525096525,3888,777
chartqa_train_0053,9,0.8300522174606999,0.7104247104247104,3888,777
chartqa_train_0053,10,0.7196841588818684,0.667953667953668,3888,777
chartqa_train_0053,11,0.6747071144191038,0.6576576576576577,3888,777
chartqa_train_0053,12,0.7068286786169597,0.6473616473616474,3888,777
chartqa_train_0053,13,0.6166117056433638,0.5778635778635779,3888,777
chartqa_train_0053,14,0.6632250877173412,0.6422136422136422,3888,777
chartqa_train_0053,15,0.6890029388594568,0.6447876447876448,3888,777
chartqa_train_0053,16,0.673001117674327,0.6113256113256114,3888,777
chartqa_train_0053,17,0.733995363211313,0.6293436293436293,3888,777
chartqa_train_0053,18,0.6576994348635752,0.5727155727155727,3888,777
chartqa_train_0053,19,0.5211051921493938,0.4774774774774775,3888,777
chartqa_train_0053,20,0.5939028521951922,0.5379665379665379,3888,777
chartqa_train_0053,21,0.6288417472617588,0.5611325611325612,3888,777
chartqa_train_0053,22,0.6599403881354408,0.5984555984555985,3888,777
chartqa_train_0053,23,0.64105432290007,0.5546975546975547,3888,777
chartqa_train_0053,24,0.6119278642939696,0.5341055341055341,3888,777
chartqa_train_0053,25,0.6340084637298954,0.5379665379665379,3888,777
chartqa_train_0053,26,0.7299533183419152,0.6113256113256114,3888,777
chartqa_train_0053,27,,0.18146718146718147,3888,777
chartqa_train_0056,0,0.5103606701150506,0.4454244762954796,4536,907
chartqa_train_0056,1,0.48943946801432064,0.4255788313120176,4536,907
chartqa_train_0056,2,0.581948435721373,0.5292171995589857,4536,907
chartqa_train_0056,3,0.3305428590036926,0.46416758544652703,4536,907
chartqa_train_0056,4,0.754140696245474,0.6372657111356119,4536,907
chartqa_train_0056,5,0.8010776428249334,0.7320837927232635,4536,907
chartqa_train_0056,6,0.6768010682834965,0.5722160970231532,4536,907
chartqa_train_0056,7,0.6633060613240918,0.5854465270121278,4536,907
chartqa_train_0056,8,0.8212363051753576,0.7122381477398015,4536,907
chartqa_train_0056,9,0.8452764105121973,0.7420066152149944,4536,907
chartqa_train_0056,10,0.7473660199248148,0.6637265711135611,4536,907
chartqa_train_0056,11,0.7497464988843929,0.6890848952590959,4536,907
chartqa_train_0056,12,0.7332969543051887,0.6626240352811467,4536,907
chartqa_train_0056,13,0.6658197229069689,0.5964718853362734,4536,907
chartqa_train_0056,14,0.6666223297827621,0.6240352811466373,4536,907
chartqa_train_0056,15,0.6368557638357096,0.5622932745314223,4536,907
chartqa_train_0056,16,0.6796313911856158,0.5942668136714443,4536,907
chartqa_train_0056,17,0.7121748855327192,0.5821389195148843,4536,907
chartqa_train_0056,18,0.6502501735285031,0.525909592061742,4536,907
chartqa_train_0056,19,0.6150205894871298,0.5281146637265711,4536,907
chartqa_train_0056,20,0.6825085844647276,0.6008820286659317,4536,907
chartqa_train_0056,21,0.6855617535185784,0.597574421168688,4536,907
chartqa_train_0056,22,0.6776396770481895,0.6019845644983461,4536,907
chartqa_train_0056,23,0.6658415024572626,0.5854465270121278,4536,907
chartqa_train_0056,24,0.706649602778394,0.6052921719955898,4536,907
chartqa_train_0056,25,0.6821579776909826,0.587651598676957,4536,907
chartqa_train_0056,26,0.7137339812080734,0.619625137816979,4536,907
chartqa_train_0056,27,0.6048130180291509,0.5314222712238148,4536,907
chartqa_train_0058,0,0.5942661365182953,0.477319587628866,4854,970
chartqa_train_0058,1,0.5280448841872105,0.4463917525773196,4854,970
chartqa_train_0058,2,0.6274427093768129,0.5608247422680412,4854,970
chartqa_train_0058,3,0.4311556860959719,0.43195876288659796,4854,970
chartqa_train_0058,4,0.7324271925034475,0.6216494845360825,4854,970
chartqa_train_0058,5,0.8221428978582793,0.7381443298969073,4854,970
chartqa_train_0058,6,0.675954883517224,0.568041237113402,4854,970
chartqa_train_0058,7,0.7053180300425519,0.5907216494845361,4854,970
chartqa_train_0058,8,0.7648858338663271,0.6391752577319587,4854,970
chartqa_train_0058,9,0.8377512256284826,0.7288659793814433,4854,970
chartqa_train_0058,10,0.7196416178787859,0.6515463917525773,4854,970
chartqa_train_0058,11,0.7076606722667492,0.6659793814432989,4854,970
chartqa_train_0058,12,0.7276191095208442,0.6350515463917525,4854,970
chartqa_train_0058,13,0.6990113861179142,0.6123711340206186,4854,970
chartqa_train_0058,14,0.6686045662946569,0.5907216494845361,4854,970
chartqa_train_0058,15,0.6196205615774649,0.520618556701031,4854,970
chartqa_train_0058,16,0.6569202088035166,0.5907216494845361,4854,970
chartqa_train_0058,17,0.649747473784396,0.5443298969072164,4854,970
chartqa_train_0058,18,0.6787113919748788,0.5597938144329897,4854,970
chartqa_train_0058,19,0.7009771322349353,0.5824742268041238,4854,970
chartqa_train_0058,20,0.6752241337114181,0.5432989690721649,4854,970
chartqa_train_0058,21,0.7208442046276021,0.6278350515463917,4854,970
chartqa_train_0058,22,0.7562938407549072,0.6443298969072165,4854,970
chartqa_train_0058,23,0.7160403192368595,0.6206185567010309,4854,970
chartqa_train_0058,24,0.7341864738461247,0.643298969072165,4854,970
chartqa_train_0058,25,0.736717271517024,0.6247422680412371,4854,970
chartqa_train_0058,26,0.7949619414333945,0.6721649484536083,4854,970
chartqa_train_0058,27,0.5693832592219451,0.5422680412371134,4854,970
chartqa_train_0064,0,0.5643880336249727,0.46416758544652703,4536,907
chartqa_train_0064,1,0.5653981604626387,0.4829106945975744,4536,907
chartqa_train_0064,2,0.5482193220585017,0.5027563395810364,4536,907
chartqa_train_0064,3,0.3492786772913935,0.43770672546857775,4536,907
chartqa_train_0064,4,0.6790275820068093,0.577728776185226,4536,907
chartqa_train_0064,5,0.7467368300583372,0.6725468577728776,4536,907
chartqa_train_0064,6,0.660335345245804,0.5534729878721059,4536,907
chartqa_train_0064,7,0.6382297436656431,0.5865490628445424,4536,907
chartqa_train_0064,8,0.634099357647221,0.5270121278941565,4536,907
chartqa_train_0064,9,0.7556827549974436,0.6460859977949284,4536,907
chartqa_train_0064,10,0.6430904316536308,0.5567805953693495,4536,907
chartqa_train_0064,11,0.5366156252276107,0.5501653803748622,4536,907
chartqa_train_0064,12,0.48944824042459545,0.4762954796030871,4536,907
chartqa_train_0064,13,0.39207826471668905,0.42778390297684676,4536,907
chartqa_train_0064,14,0.39689390824981674,0.4663726571113561,4536,907
chartqa_train_0064,15,0.2773162952665109,0.3671444321940463,4536,907
chartqa_train_0064,16,0.32560844730513266,0.3362734288864388,4536,907
chartqa_train_0064,17,0.40986223173018377,0.41345093715545755,4536,907
chartqa_train_0064,18,0.49442102516471315,0.4685777287761852,4536,907
chartqa_train_0064,19,0.48655112524377164,0.46416758544652703,4536,907
chartqa_train_0064,20,0.5999625240546811,0.5611907386990077,4536,907
chartqa_train_0064,21,0.5606905128006533,0.5314222712238148,4536,907
chartqa_train_0064,22,0.6588416432034343,0.6207276736493936,4536,907
chartqa_train_0064,23,0.6092738313881199,0.5248070562293274,4536,907
chartqa_train_0064,24,0.6298386448577807,0.5843439911797134,4536,907
chartqa_train_0064,25,0.6257448833644046,0.6019845644983461,4536,907
chartqa_train_0064,26,0.6833002502063656,0.6229327453142227,4536,907
chartqa_train_0064,27,0.4494127503581612,0.474090407938258,4536,907
chartqa_train_0065,0,0.6086008460378687,0.4994487320837927,4536,907
chartqa_train_0065,1,0.5614638274094129,0.4972436604189636,4536,907
chartqa_train_0065,2,0.5483773116001615,0.5126791620727673,4536,907
chartqa_train_0065,3,0.3945794708542433,0.4829106945975744,4536,907
chartqa_train_0065,4,0.7368856415474893,0.6736493936052922,4536,907
chartqa_train_0065,5,0.7848746387059119,0.7398015435501654,4536,907
chartqa_train_0065,6,0.6811348711496809,0.5854465270121278,4536,907
chartqa_train_0065,7,0.688396675728508,0.6218302094818081,4536,907
chartqa_train_0065,8,0.7228598898532778,0.6284454244762955,4536,907
chartqa_train_0065,9,0.8125526443308748,0.7342888643880926,4536,907
chartqa_train_0065,10,0.7001552770340698,0.6538037486218302,4536,907
chartqa_train_0065,11,0.7004416908025443,0.6571113561190739,4536,907
chartqa_train_0065,12,0.7140872391738249,0.6438809261300992,4536,907
chartqa_train_0065,13,0.6977979105182982,0.6207276736493936,4536,907
chartqa_train_0065,14,0.7127162343458107,0.6328555678059536,4536,907
chartqa_train_0065,15,0.7120751323879733,0.6141124586549063,4536,907
chartqa_train_0065,16,0.7620490004209445,0.6538037486218302,4536,907
chartqa_train_0065,17,0.7710739782210525,0.6372657111356119,4536,907
chartqa_train_0065,18,0.6990102088975274,0.6052921719955898,4536,907
chartqa_train_0065,19,0.7317283979777626,0.5931642778390298,4536,907
chartqa_train_0065,20,0.7708825112140036,0.6284454244762955,4536,907
chartqa_train_0065,21,0.7619054408294369,0.6714443219404631,4536,907
chartqa_train_0065,22,0.7677186358765349,0.6957001102535832,4536,907
chartqa_train_0065,23,0.7195105503739893,0.6273428886438809,4536,907
chartqa_train_0065,24,0.7546713751892191,0.6747519294377067,4536,907
chartqa_train_0065,25,0.6965966262204089,0.6604189636163176,4536,907
chartqa_train_0065,26,0.7833022245017662,0.7111356119073869,4536,907
chartqa_train_0065,27,0.5228224157671503,0.5722160970231532,4536,907
chartqa_train_0067,0,0.5539513279036088,0.4747983870967742,4964,992
chartqa_train_0067,1,0.574517553869342,0.5040322580645161,4964,992
chartqa_train_0067,2,0.5775669590974506,0.5776209677419355,4964,992
chartqa_train_0067,3,0.41111005936794415,0.48588709677419356,4964,992
chartqa_train_0067,4,0.7221792652123423,0.6199596774193549,4964,992
chartqa_train_0067,5,0.7780725064687383,0.7137096774193549,4964,992
chartqa_train_0067,6,0.6687335800530825,0.5917338709677419,4964,992
chartqa_train_0067,7,0.7025057678039587,0.625,4964,992
chartqa_train_0067,8,0.759101176026647,0.5887096774193549,4964,992
chartqa_train_0067,9,0.7901909686061127,0.6673387096774194,4964,992
chartqa_train_0067,10,0.7042908322547649,0.5816532258064516,4964,992
chartqa_train_0067,11,0.7054428495423719,0.6219758064516129,4964,992
chartqa_train_0067,12,0.6588757591562616,0.59375,4964,992
chartqa_train_0067,13,0.5814169668524061,0.49193548387096775,4964,992
chartqa_train_0067,14,0.542348916396683,0.4879032258064516,4964,992
chartqa_train_0067,15,0.49687887938676056,0.43951612903225806,4964,992
chartqa_train_0067,16,0.42439699457886415,0.4022177419354839,4964,992
chartqa_train_0067,17,0.5025922372420685,0.4425403225806452,4964,992
chartqa_train_0067,18,0.5101514895911778,0.4536290322580645,4964,992
chartqa_train_0067,19,0.422642054694591,0.40524193548387094,4964,992
chartqa_train_0067,20,0.5787002800742829,0.47681451612903225,4964,992
chartqa_train_0067,21,0.650994573541601,0.5544354838709677,4964,992
chartqa_train_0067,22,0.651029079919834,0.5362903225806451,4964,992
chartqa_train_0067,23,0.6504168627118244,0.53125,4964,992
chartqa_train_0067,24,0.6546377032931139,0.5645161290322581,4964,992
chartqa_train_0067,25,0.6363933170288201,0.5423387096774194,4964,992
chartqa_train_0067,26,0.6546045698912609,0.5997983870967742,4964,992
chartqa_train_0067,27,,0.15625,4964,992
chartqa_train_0068,0,0.5503925615580652,0.46070460704607047,1849,369
chartqa_train_0068,1,0.565980017111873,0.45528455284552843,1849,369
chartqa_train_0068,2,0.6315761885015987,0.5609756097560976,1849,369
chartqa_train_0068,3,0.44575200386393427,0.4878048780487805,1849,369
chartqa_train_0068,4,0.6528193636457427,0.5636856368563685,1849,369
chartqa_train_0068,5,0.7381584372764441,0.6585365853658537,1849,369
chartqa_train_0068,6,0.624875929705482,0.5067750677506775,1849,369
chartqa_train_0068,7,0.659291321115403,0.5826558265582655,1849,369
chartqa_train_0068,8,0.5737766893152035,0.4959349593495935,1849,369
chartqa_train_0068,9,0.6649756404150838,0.5772357723577236,1849,369
chartqa_train_0068,10,0.6134604326111289,0.5176151761517616,1849,369
chartqa_train_0068,11,0.6067096835096806,0.4796747967479675,1849,369
chartqa_train_0068,12,0.6266242685251883,0.4905149051490515,1849,369
chartqa_train_0068,13,0.5844293538588755,0.46612466124661245,1849,369
chartqa_train_0068,14,0.49979570361577774,0.37398373983739835,1849,369
chartqa_train_0068,15,0.5885643088984999,0.3902439024390244,1849,369
chartqa_train_0068,16,0.47391678136431825,0.2926829268292683,1849,369
chartqa_train_0068,17,0.5030348110130461,0.34959349593495936,1849,369
chartqa_train_0068,18,0.5229462214039851,0.4037940379403794,1849,369
chartqa_train_0068,19,0.4738155916967582,0.36585365853658536,1849,369
chartqa_train_0068,20,0.5494789226712671,0.3875338753387534,1849,369
chartqa_train_0068,21,0.5188169734720828,0.4065040650406504,1849,369
chartqa_train_0068,22,0.5073382440373138,0.43089430894308944,1849,369
chartqa_train_0068,23,0.5370837883521286,0.43089430894308944,1849,369
chartqa_train_0068,24,0.6465205100025733,0.6043360433604336,1849,369
chartqa_train_0068,25,0.6354721072367718,0.44986449864498645,1849,369
chartqa_train_0068,26,0.6808753196043597,0.5582655826558266,1849,369
chartqa_train_0068,27,,0.1951219512195122,1849,369
chartqa_train_0069,0,0.5897265317658422,0.4742547425474255,1849,369
chartqa_train_0069,1,0.532462916626901,0.46883468834688347,1849,369
chartqa_train_0069,2,0.6175933864702119,0.5691056910569106,1849,369
chartqa_train_0069,3,0.430628236032182,0.45528455284552843,1849,369
chartqa_train_0069,4,0.6820420054063033,0.6178861788617886,1849,369
chartqa_train_0069,5,0.8056095849469652,0.7506775067750677,1849,369
chartqa_train_0069,6,0.6526464298785247,0.5745257452574526,1849,369
chartqa_train_0069,7,0.7310626199899706,0.6449864498644986,1849,369
chartqa_train_0069,8,0.7399371428518191,0.6802168021680217,1849,369
chartqa_train_0069,9,0.765698777364838,0.6883468834688347,1849,369
chartqa_train_0069,10,0.7237337977756555,0.6395663956639567,1849,369
chartqa_train_0069,11,0.7240138432644551,0.6422764227642277,1849,369
chartqa_train_0069,12,0.7335293600378548,0.6097560975609756,1849,369
chartqa_train_0069,13,0.7649015421004257,0.6504065040650406,1849,369
chartqa_train_0069,14,0.738866636003972,0.6178861788617886,1849,369
chartqa_train_0069,15,0.7589239834213206,0.5799457994579946,1849,369
chartqa_train_0069,16,0.7398915578931045,0.5880758807588076,1849,369
chartqa_train_0069,17,0.7236414550819804,0.5691056910569106,1849,369
chartqa_train_0069,18,0.6904653411838635,0.5365853658536586,1849,369
chartqa_train_0069,19,0.6512919002383614,0.45257452574525747,1849,369
chartqa_train_0069,20,0.6517741104354899,0.5067750677506775,1849,369
chartqa_train_0069,21,0.6309788764988932,0.46883468834688347,1849,369
chartqa_train_0069,22,0.626431745689431,0.5257452574525745,1849,369
chartqa_train_0069,23,0.6355425812446142,0.5203252032520326,1849,369
chartqa_train_0069,24,0.6736321381158474,0.6260162601626016,1849,369
chartqa_train_0069,25,0.6673679647810867,0.5338753387533876,1849,369
chartqa_train_0069,26,0.7001290531586384,0.6124661246612466,1849,369
chartqa_train_0069,27,0.5818052312852237,0.5691056910569106,1849,369
chartqa_train_0070,0,0.5840601742605871,0.46935933147632314,3591,718
chartqa_train_0070,1,0.6120267639380342,0.4777158774373259,3591,718
chartqa_train_0070,2,0.6300667876211895,0.5891364902506964,3591,718
chartqa_train_0070,3,0.44673779834350535,0.4958217270194986,3591,718
chartqa_train_0070,4,0.6562447340847224,0.5793871866295265,3591,718
chartqa_train_0070,5,0.7496867246722855,0.7325905292479109,3591,718
chartqa_train_0070,6,0.645358646657495,0.5654596100278552,3591,718
chartqa_train_0070,7,0.7132536097233748,0.6643454038997214,3591,718
chartqa_train_0070,8,0.6863580746590198,0.5598885793871866,3591,718
chartqa_train_0070,9,0.7647942590599979,0.637883008356546,3591,718
chartqa_train_0070,10,0.5997017017248668,0.5459610027855153,3591,718
chartqa_train_0070,11,0.5126890327937504,0.48885793871866295,3591,718
chartqa_train_0070,12,0.4750064113148233,0.46657381615598886,3591,718
chartqa_train_0070,13,0.3936418224714987,0.38997214484679665,3591,718
chartqa_train_0070,14,0.5226475624220238,0.5083565459610028,3591,718
chartqa_train_0070,15,0.49715851088881163,0.4596100278551532,3591,718
chartqa_train_0070,16,0.5509932000157826,0.5027855153203342,3591,718
chartqa_train_0070,17,0.5690884381803752,0.4818941504178273,3591,718
chartqa_train_0070,18,0.6311365430361524,0.5710306406685237,3591,718
chartqa_train_0070,19,0.6415722720668555,0.5222841225626741,3591,718
chartqa_train_0070,20,0.6824998243496201,0.5933147632311978,3591,718
chartqa_train_0070,21,0.6902726001357145,0.6016713091922006,3591,718
chartqa_train_0070,22,0.745364844303736,0.6768802228412256,3591,718
chartqa_train_0070,23,0.7216637730257655,0.6086350974930362,3591,718
chartqa_train_0070,24,0.7088773672444351,0.6532033426183844,3591,718
chartqa_train_0070,25,0.6829339479799784,0.5793871866295265,3591,718
chartqa_train_0070,26,0.7417717186020374,0.66991643454039,3591,718
chartqa_train_0070,27,,0.17270194986072424,3591,718
chartqa_train_0077,0,0.5790288564716642,0.4583333333333333,3483,696
chartqa_train_0077,1,0.5835642844562513,0.4640804597701149,3483,696
chartqa_train_0077,2,0.6012930284138425,0.5660919540229885,3483,696
chartqa_train_0077,3,0.42958377454610197,0.45977011494252873,3483,696
chartqa_train_0077,4,0.6693519517913648,0.5833333333333334,3483,696
chartqa_train_0077,5,0.7375067875240291,0.6882183908045977,3483,696
chartqa_train_0077,6,0.627119484249462,0.5890804597701149,3483,696
chartqa_train_0077,7,0.6603241874274742,0.5948275862068966,3483,696
chartqa_train_0077,8,0.6501377589577397,0.5330459770114943,3483,696
chartqa_train_0077,9,0.7770411717461986,0.6479885057471264,3483,696
chartqa_train_0077,10,0.6088423033025594,0.5761494252873564,3483,696
chartqa_train_0077,11,0.5792980713459212,0.5301724137931034,3483,696
chartqa_train_0077,12,0.589551281082367,0.5272988505747126,3483,696
chartqa_train_0077,13,0.4345280399993084,0.4281609195402299,3483,696
chartqa_train_0077,14,0.6079081599781958,0.5589080459770115,3483,696
chartqa_train_0077,15,0.5435999393415054,0.5028735632183908,3483,696
chartqa_train_0077,16,0.5817907363631286,0.5028735632183908,3483,696
chartqa_train_0077,17,0.5929968249485296,0.49137931034482757,3483,696
chartqa_train_0077,18,0.6506197687913324,0.5689655172413793,3483,696
chartqa_train_0077,19,0.5818812337788262,0.49712643678160917,3483,696
chartqa_train_0077,20,0.6403816125172218,0.5718390804597702,3483,696
chartqa_train_0077,21,0.6869174500938273,0.625,3483,696
chartqa_train_0077,22,0.6589746690839616,0.5775862068965517,3483,696
chartqa_train_0077,23,0.6692468830972135,0.5862068965517241,3483,696
chartqa_train_0077,24,0.7097797721237951,0.6494252873563219,3483,696
chartqa_train_0077,25,0.6374912271418887,0.5574712643678161,3483,696
chartqa_train_0077,26,0.7333527307192224,0.6666666666666666,3483,696
chartqa_train_0077,27,,0.1781609195402299,3483,696
chartqa_train_0080,0,0.5679213296871548,0.49454545454545457,1377,275
chartqa_train_0080,1,0.5359693775137823,0.4763636363636364,1377,275
chartqa_train_0080,2,0.7002078873037807,0.5854545454545454,1377,275
chartqa_train_0080,3,0.6002331997581601,0.5054545454545455,1377,275
chartqa_train_0080,4,0.7044520142199054,0.6,1377,275
chartqa_train_0080,5,0.7525798163395373,0.6654545454545454,1377,275
chartqa_train_0080,6,0.6292271206577024,0.6072727272727273,1377,275
chartqa_train_0080,7,0.6543012651514853,0.6072727272727273,1377,275
chartqa_train_0080,8,0.5963516604149455,0.5054545454545455,1377,275
chartqa_train_0080,9,0.7275785338438433,0.610909090909091,1377,275
chartqa_train_0080,10,0.5215245558113573,0.4727272727272727,1377,275
chartqa_train_0080,11,0.4840395591865687,0.4618181818181818,1377,275
chartqa_train_0080,12,0.5781677972951357,0.509090909090909,1377,275
chartqa_train_0080,13,0.5439094372761786,0.44727272727272727,1377,275
chartqa_train_0080,14,0.5604123823643751,0.5054545454545455,1377,275
chartqa_train_0080,15,0.5917506673795764,0.5054545454545455,1377,275
chartqa_train_0080,16,0.5174702099799962,0.44727272727272727,1377,275
chartqa_train_0080,17,0.5569396235835123,0.4727272727272727,1377,275
chartqa_train_0080,18,0.5819414092750906,0.45454545454545453,1377,275
chartqa_train_0080,19,0.5130517759141101,0.4581818181818182,1377,275
chartqa_train_0080,20,0.5723214174117872,0.48,1377,275
chartqa_train_0080,21,0.5742238197663136,0.4909090909090909,1377,275
chartqa_train_0080,22,0.5553602868290256,0.5454545454545454,1377,275
chartqa_train_0080,23,0.5618917241662695,0.5272727272727272,1377,275
chartqa_train_0080,24,0.6184862230984792,0.5272727272727272,1377,275
chartqa_train_0080,25,0.5790813714286756,0.48,1377,275
chartqa_train_0080,26,0.6580812900204215,0.5381818181818182,1377,275
chartqa_train_0080,27,,0.2109090909090909,1377,275
chartqa_train_0083,0,0.5861846606933564,0.4715447154471545,1849,369
chartqa_train_0083,1,0.5364538323658724,0.45528455284552843,1849,369
chartqa_train_0083,2,0.6077367469180558,0.5772357723577236,1849,369
chartqa_train_0083,3,0.47432189738167085,0.48509485094850946,1849,369
chartqa_train_0083,4,0.689679688307093,0.6233062330623306,1849,369
chartqa_train_0083,5,0.7968525814045087,0.7371273712737128,1849,369
chartqa_train_0083,6,0.6687801631344806,0.5934959349593496,1849,369
chartqa_train_0083,7,0.7163957034945536,0.6124661246612466,1849,369
chartqa_train_0083,8,0.7232339369011209,0.6937669376693767,1849,369
chartqa_train_0083,9,0.7853113634499,0.6937669376693767,1849,369
chartqa_train_0083,10,0.7168966348991177,0.6287262872628726,1849,369
chartqa_train_0083,11,0.7441811863784888,0.6693766937669376,1849,369
chartqa_train_0083,12,0.7520601828308118,0.6504065040650406,1849,369
chartqa_train_0083,13,0.7495554534294434,0.6666666666666666,1849,369
chartqa_train_0083,14,0.7596379333768651,0.6531165311653117,1849,369
chartqa_train_0083,15,0.6851881895579178,0.5528455284552846,1849,369
chartqa_train_0083,16,0.8051264748505939,0.6449864498644986,1849,369
chartqa_train_0083,17,0.7458863342068143,0.5582655826558266,1849,369
chartqa_train_0083,18,0.7395772208976777,0.6449864498644986,1849,369
chartqa_train_0083,19,0.7409552806104545,0.5826558265582655,1849,369
chartqa_train_0083,20,0.7609752419207908,0.6097560975609756,1849,369
chartqa_train_0083,21,0.8021027403311468,0.6856368563685636,1849,369
chartqa_train_0083,22,0.7849003238687066,0.6639566395663956,1849,369
chartqa_train_0083,23,0.6935713123789943,0.5609756097560976,1849,369
chartqa_train_0083,24,0.7286850214745423,0.6666666666666666,1849,369
chartqa_train_0083,25,0.6998201182263489,0.5989159891598916,1849,369
chartqa_train_0083,26,0.7679856606018195,0.6964769647696477,1849,369
chartqa_train_0083,27,0.5948333261257939,0.5962059620596206,1849,369
chartqa_train_0084,0,0.6075406032042457,0.4697406340057637,1737,347
chartqa_train_0084,1,0.5721993187084449,0.47262247838616717,1737,347
chartqa_train_0084,2,0.6483441223249263,0.5936599423631124,1737,347
chartqa_train_0084,3,0.5320600396693018,0.547550432276657,1737,347
chartqa_train_0084,4,0.7249068997205306,0.6080691642651297,1737,347
chartqa_train_0084,5,0.7813458304418756,0.7694524495677233,1737,347
chartqa_train_0084,6,0.6573023908579625,0.5965417867435159,1737,347
chartqa_train_0084,7,0.7089837467876818,0.6455331412103746,1737,347
chartqa_train_0084,8,0.7295983140549742,0.6397694524495677,1737,347
chartqa_train_0084,9,0.8212410164099403,0.7146974063400576,1737,347
chartqa_train_0084,10,0.7095991102971021,0.5994236311239193,1737,347
chartqa_train_0084,11,0.7782202721431832,0.7118155619596542,1737,347
chartqa_train_0084,12,0.8052891816038861,0.6829971181556196,1737,347
chartqa_train_0084,13,0.7557251112894819,0.6282420749279539,1737,347
chartqa_train_0084,14,0.802950861548646,0.6426512968299711,1737,347
chartqa_train_0084,15,0.7257769759434657,0.5821325648414986,1737,347
chartqa_train_0084,16,0.8151416641193839,0.69164265129683,1737,347
chartqa_train_0084,17,0.7689897634605732,0.6167146974063401,1737,347
chartqa_train_0084,18,0.7693185672375918,0.6282420749279539,1737,347
chartqa_train_0084,19,0.8228521218978322,0.723342939481268,1737,347
chartqa_train_0084,20,0.7634007903717346,0.659942363112392,1737,347
chartqa_train_0084,21,0.7830582397289024,0.7002881844380403,1737,347
chartqa_train_0084,22,0.8072906343079591,0.6772334293948127,1737,347
chartqa_train_0084,23,0.7717227795649313,0.6685878962536023,1737,347
chartqa_train_0084,24,0.7309332340940634,0.6657060518731989,1737,347
chartqa_train_0084,25,0.7545657184300167,0.6512968299711815,1737,347
chartqa_train_0084,26,0.7813931805434278,0.69164265129683,1737,347
chartqa_train_0084,27,0.5908627875027261,0.6023054755043228,1737,347
chartqa_train_0088,0,0.5486881333012921,0.49442896935933145,3591,718
chartqa_train_0088,1,0.5432738671333059,0.45403899721448465,3591,718
chartqa_train_0088,2,0.6200813558325057,0.5598885793871866,3591,718
chartqa_train_0088,3,0.39109443424027984,0.44986072423398327,3591,718
chartqa_train_0088,4,0.6654441037019106,0.6058495821727019,3591,718
chartqa_train_0088,5,0.7611974760273487,0.6908077994428969,3591,718
chartqa_train_0088,6,0.5740716151484628,0.5863509749303621,3591,718
chartqa_train_0088,7,0.691602248799932,0.6532033426183844,3591,718
chartqa_train_0088,8,0.7163018740703366,0.6671309192200557,3591,718
chartqa_train_0088,9,0.8044885274322339,0.7116991643454039,3591,718
chartqa_train_0088,10,0.6767519977258326,0.6295264623955432,3591,718
chartqa_train_0088,11,0.6754859142638306,0.6183844011142061,3591,718
chartqa_train_0088,12,0.7511445538334593,0.692200557103064,3591,718
chartqa_train_0088,13,0.7329101123565516,0.6392757660167131,3591,718
chartqa_train_0088,14,0.7104864190242631,0.6545961002785515,3591,718
chartqa_train_0088,15,0.6791243842247886,0.5974930362116991,3591,718
chartqa_train_0088,16,0.6873442477636873,0.6142061281337048,3591,718
chartqa_train_0088,17,0.7329843908550534,0.6225626740947076,3591,718
chartqa_train_0088,18,0.662172859708711,0.5793871866295265,3591,718
chartqa_train_0088,19,0.7298708975959771,0.616991643454039,3591,718
chartqa_train_0088,20,0.673749081069853,0.5543175487465181,3591,718
chartqa_train_0088,21,0.7412087147655845,0.6225626740947076,3591,718
chartqa_train_0088,22,0.7330848100794077,0.6364902506963789,3591,718
chartqa_train_0088,23,0.674137441848445,0.6058495821727019,3591,718
chartqa_train_0088,24,0.7043099707785763,0.6337047353760445,3591,718
chartqa_train_0088,25,0.7017554112038923,0.5947075208913649,3591,718
chartqa_train_0088,26,0.6874581752427028,0.5947075208913649,3591,718
chartqa_train_0088,27,,0.18384401114206128,3591,718
chartqa_train_0093,0,0.6018845654083681,0.49372384937238495,3589,717
chartqa_train_0093,1,0.5789167006333549,0.46722454672245467,3589,717
chartqa_train_0093,2,0.6150110523978847,0.5718270571827058,3589,717
chartqa_train_0093,3,0.5035563711264818,0.5495118549511855,3589,717
chartqa_train_0093,4,0.7232204168247985,0.6345885634588564,3589,717
chartqa_train_0093,5,0.8013469287049382,0.7601115760111576,3589,717
chartqa_train_0093,6,0.6947709410591223,0.6206415620641562,3589,717
chartqa_train_0093,7,0.7129634024173255,0.6331938633193863,3589,717
chartqa_train_0093,8,0.7674523892960681,0.6834030683403068,3589,717
chartqa_train_0093,9,0.8237220943356427,0.7503486750348675,3589,717
chartqa_train_0093,10,0.7448306569631447,0.6903765690376569,3589,717
chartqa_train_0093,11,0.6675663756520765,0.6248256624825662,3589,717
chartqa_train_0093,12,0.6789823520496159,0.6136680613668062,3589,717
chartqa_train_0093,13,0.6816372828930481,0.6513249651324965,3589,717
chartqa_train_0093,14,0.7010121732250783,0.5857740585774058,3589,717
chartqa_train_0093,15,0.6503604895097742,0.5453277545327755,3589,717
chartqa_train_0093,16,0.7748003112888043,0.6290097629009763,3589,717
chartqa_train_0093,17,0.730791143495775,0.5815899581589958,3589,717
chartqa_train_0093,18,0.733760580569846,0.6094839609483961,3589,717
chartqa_train_0093,19,0.6881213944623124,0.5704323570432357,3589,717
chartqa_train_0093,20,0.6800020710619858,0.5704323570432357,3589,717
chartqa_train_0093,21,0.7670784247774931,0.6680613668061367,3589,717
chartqa_train_0093,22,0.758107690495681,0.691771269177127,3589,717
chartqa_train_0093,23,0.7413571522251691,0.6527196652719666,3589,717
chartqa_train_0093,24,0.7512720943435759,0.6596931659693166,3589,717
chartqa_train_0093,25,0.6747761622973283,0.6094839609483961,3589,717
chartqa_train_0093,26,0.7642186797779603,0.6903765690376569,3589,717
chartqa_train_0093,27,0.5694016348302697,0.5983263598326359,3589,717
chartqa_train_0098,0,0.5717095279568469,0.4805914972273567,2709,541
chartqa_train_0098,1,0.6077229382348291,0.5231053604436229,2709,541
chartqa_train_0098,2,0.6173627022967436,0.5785582255083179,2709,541
chartqa_train_0098,3,0.4338376072376842,0.4879852125693161,2709,541
chartqa_train_0098,4,0.7338063429433407,0.6487985212569316,2709,541
chartqa_train_0098,5,0.7659132892499697,0.6691312384473198,2709,541
chartqa_train_0098,6,0.6879105945330443,0.6081330868761553,2709,541
chartqa_train_0098,7,0.6691345870860982,0.5951940850277264,2709,541
chartqa_train_0098,8,0.626593822624268,0.47689463955637706,2709,541
chartqa_train_0098,9,0.7244719563750894,0.6081330868761553,2709,541
chartqa_train_0098,10,0.5698241641004248,0.5027726432532348,2709,541
chartqa_train_0098,11,0.5531658079152022,0.4805914972273567,2709,541
chartqa_train_0098,12,0.5201527782709583,0.44731977818853974,2709,541
chartqa_train_0098,13,0.40632827243557773,0.3678373382624769,2709,541
chartqa_train_0098,14,0.39693750580940157,0.4288354898336414,2709,541
chartqa_train_0098,15,0.37015756344436285,0.3955637707948244,2709,541
chartqa_train_0098,16,0.21031559354570944,0.3290203327171904,2709,541
chartqa_train_0098,17,0.3525639729762363,0.34750462107208874,2709,541
chartqa_train_0098,18,0.39513384695622544,0.4029574861367837,2709,541
chartqa_train_0098,19,0.33898140950157335,0.35304990757855825,2709,541
chartqa_train_0098,20,0.48271487651168027,0.4417744916820702,2709,541
chartqa_train_0098,21,0.5238660238782361,0.49168207024029575,2709,541
chartqa_train_0098,22,0.5806096200788438,0.4805914972273567,2709,541
chartqa_train_0098,23,0.5535883177658116,0.4787430683918669,2709,541
chartqa_train_0098,24,0.5269487561684952,0.4953789279112754,2709,541
chartqa_train_0098,25,0.5319018835974259,0.46395563770794823,2709,541
chartqa_train_0098,26,0.5515550215693642,0.5212569316081331,2709,541
chartqa_train_0098,27,,0.18853974121996303,2709,541
chartqa_train_0100,0,0.5654150996967651,0.45251396648044695,1793,358
chartqa_train_0100,1,0.5840293577931812,0.5083798882681564,1793,358
chartqa_train_0100,2,0.6281452596662028,0.5614525139664804,1793,358
chartqa_train_0100,3,0.4536478081420323,0.5111731843575419,1793,358
chartqa_train_0100,4,0.7158718334666115,0.5754189944134078,1793,358
chartqa_train_0100,5,0.7700453655696957,0.6731843575418994,1793,358
chartqa_train_0100,6,0.6758271981570014,0.611731843575419,1793,358
chartqa_train_0100,7,0.7302734163268684,0.6815642458100558,1793,358
chartqa_train_0100,8,0.7356124868258893,0.6005586592178771,1793,358
chartqa_train_0100,9,0.802637576676013,0.7122905027932961,1793,358
chartqa_train_0100,10,0.7073459453280344,0.5698324022346368,1793,358
chartqa_train_0100,11,0.6225119831667708,0.5782122905027933,1793,358
chartqa_train_0100,12,0.6666345131495067,0.5698324022346368,1793,358
chartqa_train_0100,13,0.5918213143631763,0.4441340782122905,1793,358
chartqa_train_0100,14,0.5640077568214921,0.4664804469273743,1793,358
chartqa_train_0100,15,0.5688189798288779,0.4972067039106145,1793,358
chartqa_train_0100,16,0.5267085090164891,0.43854748603351956,1793,358
chartqa_train_0100,17,0.4908903094370332,0.41899441340782123,1793,358
chartqa_train_0100,18,0.5753857249176358,0.4776536312849162,1793,358
chartqa_train_0100,19,0.5028324738158165,0.40782122905027934,1793,358
chartqa_train_0100,20,0.551781565920762,0.45251396648044695,1793,358
chartqa_train_0100,21,0.5196388894908566,0.45251396648044695,1793,358
chartqa_train_0100,22,0.5746134161060283,0.5251396648044693,1793,358
chartqa_train_0100,23,0.5241500291937953,0.4972067039106145,1793,358
chartqa_train_0100,24,0.5625217009893279,0.4776536312849162,1793,358
chartqa_train_0100,25,0.5953371777311178,0.4692737430167598,1793,358
chartqa_train_0100,26,0.6177516306977222,0.5027932960893855,1793,358
chartqa_train_0100,27,,0.2122905027932961,1793,358
chartqa_train_0101,0,0.5864367139327502,0.46368715083798884,1793,358
chartqa_train_0101,1,0.551866951372474,0.4776536312849162,1793,358
chartqa_train_0101,2,0.6202910674629677,0.5670391061452514,1793,358
chartqa_train_0101,3,0.4849745434158105,0.5195530726256983,1793,358
chartqa_train_0101,4,0.743608939056351,0.6089385474860335,1793,358
chartqa_train_0101,5,0.7888343754752548,0.6983240223463687,1793,358
chartqa_train_0101,6,0.6858567138593605,0.6508379888268156,1793,358
chartqa_train_0101,7,0.7019797183126062,0.6508379888268156,1793,358
chartqa_train_0101,8,0.7613603098894364,0.6675977653631285,1793,358
chartqa_train_0101,9,0.8279200840151423,0.7094972067039106,1793,358
chartqa_train_0101,10,0.7837194265732118,0.7067039106145251,1793,358
chartqa_train_0101,11,0.7113987202685805,0.6564245810055865,1793,358
chartqa_train_0101,12,0.7761605451111641,0.61731843575419,1793,358
chartqa_train_0101,13,0.7700807857006967,0.6256983240223464,1793,358
chartqa_train_0101,14,0.7696014944763537,0.6396648044692738,1793,358
chartqa_train_0101,15,0.6477685599111751,0.5893854748603352,1793,358
chartqa_train_0101,16,0.7867417527165369,0.6983240223463687,1793,358
chartqa_train_0101,17,0.7230099794797782,0.6368715083798883,1793,358
chartqa_train_0101,18,0.7222436548656499,0.6452513966480447,1793,358
chartqa_train_0101,19,0.7405761516063829,0.6815642458100558,1793,358
chartqa_train_0101,20,0.7024916878499765,0.6005586592178771,1793,358
chartqa_train_0101,21,0.7658034186039241,0.6675977653631285,1793,358
chartqa_train_0101,22,0.7465446617520787,0.6284916201117319,1793,358
chartqa_train_0101,23,0.7683669752490457,0.6564245810055865,1793,358
chartqa_train_0101,24,0.7643820418188121,0.6564245810055865,1793,358
chartqa_train_0101,25,0.7601027421176222,0.6284916201117319,1793,358
chartqa_train_0101,26,0.7736951524659931,0.6955307262569832,1793,358
chartqa_train_0101,27,0.6126593346108062,0.5670391061452514,1793,358
chartqa_train_0103,0,0.4878743113109672,0.4664804469273743,1793,358
chartqa_train_0103,1,0.41249543339220485,0.40502793296089384,1793,358
chartqa_train_0103,2,0.5686559769404059,0.5754189944134078,1793,358
chartqa_train_0103,3,0.5447266452908988,0.5251396648044693,1793,358
chartqa_train_0103,4,0.7186107514824711,0.6424581005586593,1793,358
chartqa_train_0103,5,0.7928135483488734,0.7150837988826816,1793,358
chartqa_train_0103,6,0.6768468517789583,0.6424581005586593,1793,358
chartqa_train_0103,7,0.753607251595393,0.7011173184357542,1793,358
chartqa_train_0103,8,0.8052908100626268,0.7094972067039106,1793,358
chartqa_train_0103,9,0.8100812420109267,0.7178770949720671,1793,358
chartqa_train_0103,10,0.7662568201908555,0.6955307262569832,1793,358
chartqa_train_0103,11,0.68509104148101,0.6508379888268156,1793,358
chartqa_train_0103,12,0.7791819949702036,0.6927374301675978,1793,358
chartqa_train_0103,13,0.7756950656233197,0.7067039106145251,1793,358
chartqa_train_0103,14,0.7503528902075891,0.6536312849162011,1793,358
chartqa_train_0103,15,0.6843608760726908,0.6256983240223464,1793,358
chartqa_train_0103,16,0.8183751728351393,0.7458100558659218,1793,358
chartqa_train_0103,17,0.8186821263369197,0.6675977653631285,1793,358
chartqa_train_0103,18,0.7921851546656483,0.6703910614525139,1793,358
chartqa_train_0103,19,0.7949264439651106,0.6620111731843575,1793,358
chartqa_train_0103,20,0.7822419955132103,0.6731843575418994,1793,358
chartqa_train_0103,21,0.80849917796941,0.729050279329609,1793,358
chartqa_train_0103,22,0.7736552608986701,0.6620111731843575,1793,358
chartqa_train_0103,23,0.7725350932353579,0.6508379888268156,1793,358
chartqa_train_0103,24,0.7376342384289409,0.6508379888268156,1793,358
chartqa_train_0103,25,0.7270662180133357,0.6033519553072626,1793,358
chartqa_train_0103,26,0.8165187055940568,0.6983240223463687,1793,358
chartqa_train_0103,27,0.5699212803093173,0.6005586592178771,1793,358
chartqa_train_0105,0,0.5566688413824992,0.43797856049004597,3267,653
chartqa_train_0105,1,0.5285557277954502,0.41807044410413474,3267,653
chartqa_train_0105,2,0.5824811413446459,0.5497702909647779,3267,653
chartqa_train_0105,3,0.36279317240625103,0.4655436447166922,3267,653
chartqa_train_0105,4,0.6685568887409923,0.6248085758039816,3267,653
chartqa_train_0105,5,0.7295582923429246,0.667687595712098,3267,653
chartqa_train_0105,6,0.656763922474549,0.5911179173047473,3267,653
chartqa_train_0105,7,0.6122617705205733,0.5788667687595712,3267,653
chartqa_train_0105,8,0.6702760328175722,0.6003062787136294,3267,653
chartqa_train_0105,9,0.7735549334824233,0.6753445635528331,3267,653
chartqa_train_0105,10,0.6334896949170046,0.55895865237366,3267,653
chartqa_train_0105,11,0.4988391521488946,0.49617151607963245,3267,653
chartqa_train_0105,12,0.6126079824322719,0.5068912710566615,3267,653
chartqa_train_0105,13,0.5104176620091522,0.45941807044410415,3267,653
chartqa_train_0105,14,0.5961347692918499,0.49770290964777947,3267,653
chartqa_train_0105,15,0.5711924538253911,0.45788667687595713,3267,653
chartqa_train_0105,16,0.4662567604551347,0.35222052067381315,3267,653
chartqa_train_0105,17,0.5306989879741595,0.41807044410413474,3267,653
chartqa_train_0105,18,0.5698089071594739,0.4609494640122512,3267,653
chartqa_train_0105,19,0.4269436050346345,0.35068912710566613,3267,653
chartqa_train_0105,20,0.4993879615195548,0.42725880551301687,3267,653
chartqa_train_0105,21,0.4812651199602784,0.4609494640122512,3267,653
chartqa_train_0105,22,0.46004298933172455,0.43644716692189894,3267,653
chartqa_train_0105,23,0.42762665080409495,0.40275650842266464,3267,653
chartqa_train_0105,24,0.5208052476623772,0.4777947932618683,3267,653
chartqa_train_0105,25,0.489548499193879,0.42572741194486985,3267,653
chartqa_train_0105,26,0.5593978560127616,0.5191424196018377,3267,653
chartqa_train_0105,27,0.18387764564354775,0.31393568147013784,3267,653
chartqa_train_0108,0,0.549735165178142,0.418705035971223,3479,695
chartqa_train_0108,1,0.5782034196454475,0.4460431654676259,3479,695
chartqa_train_0108,2,0.6009174876316002,0.5223021582733813,3479,695
chartqa_train_0108,3,0.42920477561990156,0.4618705035971223,3479,695
chartqa_train_0108,4,0.6457759678180541,0.5827338129496403,3479,695
chartqa_train_0108,5,0.761048167202261,0.6964028776978417,3479,695
chartqa_train_0108,6,0.6237692267941907,0.5899280575539568,3479,695
chartqa_train_0108,7,0.6635884064890103,0.5798561151079137,3479,695
chartqa_train_0108,8,0.5936273920409391,0.5007194244604316,3479,695
chartqa_train_0108,9,0.7835609333965015,0.6776978417266187,3479,695
chartqa_train_0108,10,0.590737243201806,0.5525179856115108,3479,695
chartqa_train_0108,11,0.5256645367358421,0.5151079136690647,3479,695
chartqa_train_0108,12,0.36943032040437446,0.4474820143884892,3479,695
chartqa_train_0108,13,0.2832513703982881,0.3683453237410072,3479,695
chartqa_train_0108,14,0.4710150817327751,0.5223021582733813,3479,695
chartqa_train_0108,15,0.28799209671986,0.40431654676258993,3479,695
chartqa_train_0108,16,0.2474675265201276,0.3899280575539568,3479,695
chartqa_train_0108,17,0.3208196461559645,0.3899280575539568,3479,695
chartqa_train_0108,18,0.4166493973614868,0.418705035971223,3479,695
chartqa_train_0108,19,0.4563949921574617,0.46474820143884893,3479,695
chartqa_train_0108,20,0.4960687448753048,0.4776978417266187,3479,695
chartqa_train_0108,21,0.5051576608731986,0.5194244604316547,3479,695
chartqa_train_0108,22,0.6227747820535268,0.5539568345323741,3479,695
chartqa_train_0108,23,0.5575992021342154,0.5223021582733813,3479,695
chartqa_train_0108,24,0.5640685181277593,0.5280575539568345,3479,695
chartqa_train_0108,25,0.5525648523607848,0.47050359712230216,3479,695
chartqa_train_0108,26,0.5867900985404303,0.5381294964028777,3479,695
chartqa_train_0108,27,0.39874071924291127,0.4460431654676259,3479,695
chartqa_train_0109,0,0.5494993687272739,0.4115107913669065,3479,695
chartqa_train_0109,1,0.5732152827785494,0.4273381294964029,3479,695
chartqa_train_0109,2,0.5974764042429301,0.5194244604316547,3479,695
chartqa_train_0109,3,0.3666394686558164,0.4158273381294964,3479,695
chartqa_train_0109,4,0.6089607458571008,0.5410071942446043,3479,695
chartqa_train_0109,5,0.7319888198632774,0.6834532374100719,3479,695
chartqa_train_0109,6,0.6309959366038169,0.6,3479,695
chartqa_train_0109,7,0.6916037212638825,0.6302158273381295,3479,695
chartqa_train_0109,8,0.5810993999680711,0.520863309352518,3479,695
chartqa_train_0109,9,0.7664735609510364,0.6705035971223021,3479,695
chartqa_train_0109,10,0.6152253979392666,0.6115107913669064,3479,695
chartqa_train_0109,11,0.5551807689839416,0.5467625899280576,3479,695
chartqa_train_0109,12,0.6312703373935906,0.5712230215827339,3479,695
chartqa_train_0109,13,0.35340626258266344,0.3640287769784173,3479,695
chartqa_train_0109,14,0.39879640866922395,0.4330935251798561,3479,695
chartqa_train_0109,15,0.3064343709703272,0.4244604316546763,3479,695
chartqa_train_0109,16,0.14595542704955425,0.30503597122302156,3479,695
chartqa_train_0109,17,0.23046709641403287,0.3553956834532374,3479,695
chartqa_train_0109,18,0.38861996722483094,0.39568345323741005,3479,695
chartqa_train_0109,19,0.35359424764177766,0.4115107913669065,3479,695
chartqa_train_0109,20,0.5492620553441799,0.5280575539568345,3479,695
chartqa_train_0109,21,0.5444210320363654,0.539568345323741,3479,695
chartqa_train_0109,22,0.6028536804610124,0.5496402877697841,3479,695
chartqa_train_0109,23,0.523306687228651,0.48776978417266187,3479,695
chartqa_train_0109,24,0.6307076718873355,0.5683453237410072,3479,695
chartqa_train_0109,25,0.5280877112482449,0.47050359712230216,3479,695
chartqa_train_0109,26,0.5813708251312378,0.516546762589928,3479,695
chartqa_train_0109,27,0.202137089642967,0.34532374100719426,3479,695
chartqa_train_0115,0,0.5774157497042168,0.4922779922779923,5184,1036
chartqa_train_0115,1,0.6059538278244196,0.5086872586872587,5184,1036
chartqa_train_0115,2,0.6633742923504015,0.6032818532818532,5184,1036
chartqa_train_0115,3,0.4577426443048254,0.5086872586872587,5184,1036
chartqa_train_0115,4,0.7382516161669239,0.637065637065637,5184,1036
chartqa_train_0115,5,0.7571520891417595,0.6698841698841699,5184,1036
chartqa_train_0115,6,0.7014761419297127,0.611003861003861,5184,1036
chartqa_train_0115,7,0.7162441031756859,0.6438223938223938,5184,1036
chartqa_train_0115,8,0.714939997978676,0.5772200772200772,5184,1036
chartqa_train_0115,9,0.8255903464153059,0.7181467181467182,5184,1036
chartqa_train_0115,10,0.6482347488556799,0.5675675675675675,5184,1036
chartqa_train_0115,11,0.5299915016174578,0.5115830115830116,5184,1036
chartqa_train_0115,12,0.605750357599327,0.5540540540540541,5184,1036
chartqa_train_0115,13,0.35502542333220416,0.38513513513513514,5184,1036
chartqa_train_0115,14,0.370078546003295,0.38803088803088803,5184,1036
chartqa_train_0115,15,0.401394958112069,0.4343629343629344,5184,1036
chartqa_train_0115,16,0.1539644267782062,0.24034749034749034,5184,1036
chartqa_train_0115,17,0.24481148903044747,0.333976833976834,5184,1036
chartqa_train_0115,18,0.384767877103429,0.3947876447876448,5184,1036
chartqa_train_0115,19,0.24175487007018648,0.31756756756756754,5184,1036
chartqa_train_0115,20,0.5393236286569356,0.5154440154440154,5184,1036
chartqa_train_0115,21,0.46930500924065355,0.44884169884169883,5184,1036
chartqa_train_0115,22,0.61865576246811,0.5501930501930502,5184,1036
chartqa_train_0115,23,0.5622600065004068,0.5366795366795367,5184,1036
chartqa_train_0115,24,0.629664399614681,0.5743243243243243,5184,1036
chartqa_train_0115,25,0.5237855399808716,0.46525096525096526,5184,1036
chartqa_train_0115,26,0.6334765736404516,0.5598455598455598,5184,1036
chartqa_train_0115,27,0.38597798157240504,0.42567567567567566,5184,1036
chartqa_train_0116,0,0.49276735439115793,0.468013468013468,1485,297
chartqa_train_0116,1,0.5000076219403483,0.45791245791245794,1485,297
chartqa_train_0116,2,0.6170988718451865,0.5723905723905723,1485,297
chartqa_train_0116,3,0.5436111132049234,0.5185185185185185,1485,297
chartqa_train_0116,4,0.7024051245992434,0.6464646464646465,1485,297
chartqa_train_0116,5,0.7754150131412505,0.6902356902356902,1485,297
chartqa_train_0116,6,0.6841215537142907,0.6565656565656566,1485,297
chartqa_train_0116,7,0.6995927312604473,0.7138047138047138,1485,297
chartqa_train_0116,8,0.6561102281270108,0.5589225589225589,1485,297
chartqa_train_0116,9,0.7065307390217315,0.6296296296296297,1485,297
chartqa_train_0116,10,0.5572578647926266,0.48484848484848486,1485,297
chartqa_train_0116,11,0.583362534584611,0.5016835016835017,1485,297
chartqa_train_0116,12,0.6092911122161911,0.48148148148148145,1485,297
chartqa_train_0116,13,0.4793414309686232,0.3939393939393939,1485,297
chartqa_train_0116,14,0.41305968201315074,0.3501683501683502,1485,297
chartqa_train_0116,15,0.4974730242541345,0.3838383838383838,1485,297
chartqa_train_0116,16,0.47877868813198726,0.2962962962962963,1485,297
chartqa_train_0116,17,0.5697893045401341,0.44107744107744107,1485,297
chartqa_train_0116,18,0.6089452466328142,0.49158249158249157,1485,297
chartqa_train_0116,19,0.5479669055685469,0.4478114478114478,1485,297
chartqa_train_0116,20,0.6361513246173331,0.49158249158249157,1485,297
chartqa_train_0116,21,0.5913101847755853,0.468013468013468,1485,297
chartqa_train_0116,22,0.5967217671939034,0.4612794612794613,1485,297
chartqa_train_0116,23,0.5789123977594782,0.4612794612794613,1485,297
chartqa_train_0116,24,0.6385752873982568,0.5656565656565656,1485,297
chartqa_train_0116,25,0.6016801735602932,0.5016835016835017,1485,297
chartqa_train_0116,26,0.6572233909420009,0.5387205387205387,1485,297
chartqa_train_0116,27,,0.16161616161616163,1485,297
chartqa_train_0117,0,0.5266948438742629,0.5050505050505051,1485,297
chartqa_train_0117,1,0.48243070604715793,0.4478114478114478,1485,297
chartqa_train_0117,2,0.6200979578670505,0.6060606060606061,1485,297
chartqa_train_0117,3,0.5744006055983311,0.5454545454545454,1485,297
chartqa_train_0117,4,0.7112861245266868,0.6902356902356902,1485,297
chartqa_train_0117,5,0.7880614173915533,0.7811447811447811,1485,297
chartqa_train_0117,6,0.6952693166612364,0.7104377104377104,1485,297
chartqa_train_0117,7,0.7497826776229113,0.7777777777777778,1485,297
chartqa_train_0117,8,0.7647959202864945,0.7003367003367004,1485,297
chartqa_train_0117,9,0.784212570073693,0.7205387205387206,1485,297
chartqa_train_0117,10,0.6848600281004912,0.6397306397306397,1485,297
chartqa_train_0117,11,0.7112943295113452,0.6632996632996633,1485,297
chartqa_train_0117,12,0.7725750957336112,0.7003367003367004,1485,297
chartqa_train_0117,13,0.7307438083305853,0.6835016835016835,1485,297
chartqa_train_0117,14,0.7056344892301836,0.6094276094276094,1485,297
chartqa_train_0117,15,0.7142041079706823,0.6262626262626263,1485,297
chartqa_train_0117,16,0.701156291835254,0.622895622895623,1485,297
chartqa_train_0117,17,0.7295251021248131,0.6161616161616161,1485,297
chartqa_train_0117,18,0.7374501428956272,0.6430976430976431,1485,297
chartqa_train_0117,19,0.5894992585181192,0.4781144781144781,1485,297
chartqa_train_0117,20,0.6655605088787651,0.531986531986532,1485,297
chartqa_train_0117,21,0.7113075725006951,0.5622895622895623,1485,297
chartqa_train_0117,22,0.6527267665378916,0.5656565656565656,1485,297
chartqa_train_0117,23,0.6354792382341566,0.5454545454545454,1485,297
chartqa_train_0117,24,0.6887866381042816,0.5892255892255892,1485,297
chartqa_train_0117,25,0.5850372527926285,0.4511784511784512,1485,297
chartqa_train_0117,26,0.6598636203071888,0.5723905723905723,1485,297
chartqa_train_0117,27,0.5314175242339195,0.5353535353535354,1485,297
chartqa_train_0118,0,0.590805990642734,0.5175718849840255,1566,313
chartqa_train_0118,1,0.573277147442569,0.48242811501597443,1566,313
chartqa_train_0118,2,0.6607236318425697,0.5846645367412141,1566,313
chartqa_train_0118,3,0.5764155906966311,0.4952076677316294,1566,313
chartqa_train_0118,4,0.7457485937170072,0.6325878594249201,1566,313
chartqa_train_0118,5,0.8251877514171381,0.6964856230031949,1566,313
chartqa_train_0118,6,0.7276718494010611,0.6293929712460063,1566,313
chartqa_train_0118,7,0.7971682546086395,0.7092651757188498,1566,313
chartqa_train_0118,8,0.6572704193470782,0.5239616613418531,1566,313
chartqa_train_0118,9,0.7416279368950646,0.6421725239616614,1566,313
chartqa_train_0118,10,0.6152226522651678,0.536741214057508,1566,313
chartqa_train_0118,11,0.693154904764947,0.6421725239616614,1566,313
chartqa_train_0118,12,0.6477585662164429,0.5750798722044729,1566,313
chartqa_train_0118,13,0.49582809488368523,0.43130990415335463,1566,313
chartqa_train_0118,14,0.38280489289351777,0.40894568690095845,1566,313
chartqa_train_0118,15,0.47784330348480064,0.43769968051118213,1566,313
chartqa_train_0118,16,0.5702904143429459,0.4057507987220447,1566,313
chartqa_train_0118,17,0.5786466637175239,0.48242811501597443,1566,313
chartqa_train_0118,18,0.5819736721906756,0.4952076677316294,1566,313
chartqa_train_0118,19,0.598299935143114,0.45686900958466453,1566,313
chartqa_train_0118,20,0.5765416508323382,0.43769968051118213,1566,313
chartqa_train_0118,21,0.6240467524610855,0.46325878594249204,1566,313
chartqa_train_0118,22,0.5710294455634846,0.46325878594249204,1566,313
chartqa_train_0118,23,0.6151973652693502,0.5239616613418531,1566,313
chartqa_train_0118,24,0.6551086331283443,0.5335463258785943,1566,313
chartqa_train_0118,25,0.5438112173828389,0.4281150159744409,1566,313
chartqa_train_0118,26,0.6103121582275938,0.48881789137380194,1566,313
chartqa_train_0118,27,,0.15335463258785942,1566,313
