keep_ratio,method,student,n_samples,rouge_l_ref,result_json
0.1,visual_utility_student,student_v2_traj,218,0.615493,/workspace/zap/artifacts/EXP-20260425-002/mm-vet/traj_rouge_total0.1/result.json
0.2,visual_utility_student,student_v2_traj,218,0.633262,/workspace/zap/artifacts/EXP-20260425-002/mm-vet/traj_rouge_total0.2/result.json
0.3,visual_utility_student,student_v2_traj,218,0.648126,/workspace/zap/artifacts/EXP-20260425-002/mm-vet/traj_rouge_total0.3/result.json
0.4,visual_utility_student,student_v2_traj,218,0.827651,/workspace/zap/artifacts/EXP-20260425-002/mm-vet/traj_rouge_total0.4/result.json
0.5,visual_utility_student,student_v2_traj,218,0.663955,/workspace/zap/artifacts/EXP-20260425-002/mm-vet/traj_rouge_total0.5/result.json
0.6,visual_utility_student,student_v2_traj,218,0.860332,/workspace/zap/artifacts/EXP-20260425-002/mm-vet/traj_rouge_total0.6/result.json
0.7,visual_utility_student,student_v2_traj,218,0.668787,/workspace/zap/artifacts/EXP-20260425-002/mm-vet/traj_rouge_total0.7/result.json
0.8,visual_utility_student,student_v2_traj,218,0.888926,/workspace/zap/artifacts/EXP-20260425-002/mm-vet/traj_rouge_total0.8/result.json
0.9,visual_utility_student,student_v2_traj,218,0.903741,/workspace/zap/artifacts/EXP-20260425-002/mm-vet/traj_rouge_total0.9/result.json
